,SUM_RAIN_FALL(mm),SUM_SNOW_FALL(cm),TEMP(deg C)_MEAN,RH(%)_MEAN,WD_SPD(m/s)_MEAN,VIS(10m)_MEAN,DP_TEMP(deg C)_MEAN,SOL_RAD(MJ/m2)_MEAN,RAIN_FALL(mm)_MEAN,SNOW_FALL(cm)_MEAN,SUM_RBC,SEASONS_Spring,SEASONS_Summer,SEASONS_Autumn,HOLIDAY_Holiday,DAY_TYPE_WKEND
1,-0.321659674,-0.234259772,1.092102812,0.187910008,-0.844248034,0.852520895,0.986788034,0.968175584,-0.321659674,-0.234259772,26010,0,0,1,0,1
2,-0.321659674,-0.234259772,1.051795517,-0.255664849,-0.361632066,1.170001142,0.84678056,0.880414355,-0.321659674,-0.234259772,26881,0,0,1,0,1
3,-0.321659674,-0.234259772,0.902082705,0.880995723,0.719155808,0.065863063,1.019122324,1.050697336,-0.321659674,-0.234259772,29529,0,0,1,0,0
4,-0.321659674,-0.234259772,0.952466824,0.226722808,1.269745857,1.088304826,0.887198422,1.158106602,-0.321659674,-0.234259772,31114,0,0,1,0,0
5,-0.321659674,-0.234259772,0.988095595,0.825548866,0.277324287,0.434905039,1.106101563,-0.339073768,-0.321659674,-0.234259772,27838,0,0,1,0,0
6,-0.196581679,-0.234259772,0.807432538,-0.100413649,1.228961409,0.872240695,0.67023534,0.780864304,-0.196581679,-0.234259772,30381,0,0,1,0,0
7,-0.321659674,-0.234259772,0.767125242,-0.646565192,-0.096533153,1.145586151,0.449715485,1.196092805,-0.321659674,-0.234259772,29813,0,0,1,0,1
8,-0.321659674,-0.234259772,0.790157983,-0.593890678,-0.803463586,1.176403674,0.485283203,1.019260478,-0.321659674,-0.234259772,28354,0,0,1,0,1
9,-0.321659674,-0.234259772,0.875451099,-0.552305535,-0.266468354,1.175976839,0.59327973,0.8149209,-0.321659674,-0.234259772,30781,0,0,1,0,0
10,-0.321659674,-0.234259772,0.839462442,-0.430322449,-0.660718018,1.159244887,0.613003647,0.8869637,-0.321659674,-0.234259772,31809,0,0,1,0,0
11,-0.321659674,-0.234259772,0.918277601,0.259990923,-0.817058402,1.153952127,0.90142551,-0.090198641,-0.321659674,-0.234259772,30991,0,0,1,0,0
12,-0.304982608,-0.234259772,0.898483839,1.163774695,-1.197713251,1.082499864,1.13035228,-0.809316772,-0.304982608,-0.234259772,25079,0,0,1,0,1
13,-0.154889014,-0.234259772,0.823267547,1.632300638,0.032617599,-1.417304941,1.174650256,-0.940303681,-0.154889014,-0.234259772,14178,0,0,1,0,1
14,-0.321659674,-0.234259772,0.780800932,0.085333323,-0.647123202,0.811630054,0.702246286,0.292283133,-0.321659674,-0.234259772,0,0,0,1,0,0
15,-0.304982608,-0.234259772,0.81139129,0.090878008,-1.265687331,0.627407851,0.743634177,-0.387538925,-0.304982608,-0.234259772,0,0,0,1,0,0
16,0.095266976,-0.234259772,0.538957159,1.452098352,0.025820191,-0.071919437,0.882024936,-1.249432786,0.095266976,-0.234259772,14282,0,0,1,0,0
17,1.179276267,-0.234259772,0.566308538,1.806958239,-0.640325794,0.550918929,0.988728092,-0.957331979,1.179276267,-0.234259772,18266,0,0,1,0,0
18,0.220344971,-0.234259772,0.708103845,0.33484418,0.012225375,0.262975698,0.668295282,0.712751111,0.220344971,-0.234259772,26398,0,0,1,0,1
19,-0.321659674,-0.234259772,0.57026729,-0.236258449,-0.212089089,1.158135115,0.424818082,0.150817271,-0.321659674,-0.234259772,20060,0,0,1,1,1
20,-0.321659674,-0.234259772,0.432790621,-0.726963135,0.698763584,1.177428079,0.14318642,0.961626238,-0.321659674,-0.234259772,17259,0,0,1,1,0
21,-0.321659674,-0.234259772,0.404359583,-0.641020507,-1.020980643,1.178537852,0.134779505,0.860766318,-0.321659674,-0.234259772,23350,0,0,1,1,0
22,-0.321659674,-0.234259772,0.516644192,-0.749141878,-0.796666178,1.181098865,0.224345487,0.607961584,-0.321659674,-0.234259772,30789,0,0,1,0,0
23,-0.321659674,-0.234259772,0.407238675,-0.07269022,-0.701502466,1.180842763,0.37437659,-0.636414052,-0.321659674,-0.234259772,0,0,0,1,0,0
24,-0.321659674,-0.234259772,0.627489254,-0.197445649,-1.143333987,1.178623219,0.472996173,0.753357053,-0.321659674,-0.234259772,31447,0,0,1,0,1
25,-0.321659674,-0.234259772,0.441068012,-0.305567021,0.488043935,1.03520649,0.278667093,0.436368733,-0.321659674,-0.234259772,0,0,0,1,0,1
26,-0.321659674,-0.234259772,0.226935505,-0.275071249,1.793146273,1.152586253,0.15321005,0.194042951,-0.321659674,-0.234259772,27909,0,0,1,0,0
27,-0.321659674,-0.234259772,0.25680609,0.16018658,-0.157709825,0.861996643,0.274140293,0.683933991,-0.321659674,-0.234259772,0,0,0,1,0,0
28,4.389611475,-0.234259772,0.450065177,1.715470924,0.759940256,0.223792199,0.859714276,-0.885289179,4.389611475,-0.234259772,16037,0,0,1,0,1
29,-0.321659674,-0.234259772,0.341379433,-0.017243363,-0.028559073,0.846459831,0.257973148,0.266085751,-0.321659674,-0.234259772,27614,0,0,1,0,1
30,-0.321659674,-0.234259772,0.165035015,-0.793499364,-1.000588419,1.150110607,-0.114194525,0.217620595,-0.321659674,-0.234259772,29362,0,0,1,0,0
31,-0.321659674,-0.234259772,0.189147415,-0.383192621,-0.95980397,1.167013293,0.077547812,-0.619385754,-0.321659674,-0.234259772,0,0,0,1,1,0
32,-0.321659674,-0.234259772,-0.270067844,-0.541216164,0.78033248,1.165220584,-0.36381524,0.235958762,-0.321659674,-0.234259772,24526,0,0,1,0,0
33,-0.321659674,-0.234259772,-0.172538584,-0.341607478,-0.78986877,1.105719715,-0.22639451,0.530679308,-0.321659674,-0.234259772,26237,0,0,1,0,0
34,-0.321659674,-0.234259772,-0.035781689,-0.180811592,-1.109346947,-0.097785668,-0.096410666,0.414100959,-0.321659674,-0.234259772,25542,0,0,1,0,1
35,-0.321659674,-0.234259772,0.016041977,-0.025560392,-0.572351714,-0.220458192,0.006735718,0.322410122,-0.321659674,-0.234259772,24349,0,0,1,0,1
36,-0.321659674,-0.234259772,0.143801708,-0.183583935,-0.85784285,-0.031455431,0.072050983,-0.061381521,-0.321659674,-0.234259772,26956,0,0,1,0,0
37,-0.321659674,-0.234259772,-0.002312238,-0.355469192,-0.82385581,0.30591535,-0.145235443,0.36956541,-0.321659674,-0.234259772,26502,0,0,1,0,0
38,-0.321659674,-0.234259772,0.051670747,-0.316656392,-1.061765091,0.480832539,-0.093500579,0.308001562,-0.321659674,-0.234259772,25355,0,0,1,0,1
39,-0.321659674,-0.234259772,0.048071881,-0.552305535,-1.007385827,0.345781786,-0.156875787,0.28180418,-0.321659674,-0.234259772,23906,0,0,1,0,1
40,-0.321659674,-0.234259772,0.10169498,-0.588345992,-1.279282147,-0.488681622,-0.076040063,-0.194988168,-0.321659674,-0.234259772,26075,0,0,1,0,0
41,0.095266976,-0.234259772,-0.027144411,0.880995723,-0.762679138,-1.161971944,0.262499948,-0.777879913,0.095266976,-0.234259772,21601,0,0,1,0,0
42,-0.321659674,-0.234259772,-0.020306567,0.576038009,-0.742286914,-0.00234525,0.152563364,0.002802064,-0.321659674,-0.234259772,26418,0,0,1,0,0
43,0.595578956,-0.234259772,-0.025344979,0.950304295,-0.096533153,-0.08096835,0.270906864,-1.390898648,0.595578956,-0.234259772,13377,0,0,1,0,0
44,-0.321659674,-0.234259772,-0.337006746,-0.555077878,2.683606723,1.153439924,-0.41069996,-0.26441123,-0.321659674,-0.234259772,18398,0,0,1,0,1
45,-0.321659674,-0.234259772,-0.456129199,-0.225169078,-0.096533153,1.102134297,-0.420400247,0.116760675,-0.321659674,-0.234259772,21545,0,0,1,0,0
46,-0.321659674,-0.234259772,-0.385591432,-0.280615935,-0.742286914,0.752299919,-0.390329357,0.043408006,-0.321659674,-0.234259772,22964,0,0,1,0,0
47,-0.321659674,-0.234259772,-0.134030722,-0.128137078,-0.796666178,-0.722843579,-0.160755902,-0.003747281,-0.321659674,-0.234259772,0,0,0,1,0,1
48,-0.321659674,-0.234259772,-0.098761838,-0.241803135,-0.558756898,-0.374460441,-0.166252731,-0.027324925,-0.321659674,-0.234259772,20471,0,0,1,0,1
49,-0.321659674,-0.234259772,-0.058094656,0.759012637,-1.333661411,-2.076082856,0.195244626,-0.755612139,-0.321659674,-0.234259772,0,0,0,1,0,0
50,-0.154889014,-0.234259772,-0.002672125,1.44932601,-0.980196195,-1.688686954,0.411561023,-1.253362393,-0.154889014,-0.234259772,16525,0,0,1,0,0
51,3.514065509,-0.234259772,-0.094803086,2.20617561,0.256932063,-1.140971637,0.486899918,-1.612266524,3.514065509,-0.234259772,1721,0,0,1,0,0
52,1.262661597,-0.234259772,-0.067451707,0.822776523,2.167003714,-0.607939461,0.198478055,-0.506737012,1.262661597,-0.234259772,0,0,0,1,0,0
53,-0.321659674,-0.234259772,-0.060613862,0.720199837,-0.68790765,-1.985764464,0.15773685,-0.324665208,-0.321659674,-0.234259772,18473,0,0,1,0,1
54,-0.321659674,-0.234259772,-0.381272793,0.753467952,-1.143333987,-1.378633645,-0.084770321,-1.296588073,-0.321659674,-0.234259772,13138,0,0,1,0,1
55,-0.321659674,-0.234259772,-0.412582925,-0.333290449,-0.864640258,0.711750546,-0.412640017,-0.196298037,-0.321659674,-0.234259772,21003,0,0,1,0,0
56,-0.321659674,-0.234259772,-0.268988184,-0.183583935,-0.986993603,0.042728579,-0.254525341,-0.263101361,-0.321659674,-0.234259772,22707,0,0,1,0,0
57,-0.321659674,-0.234259772,-0.279065008,-0.178039249,-1.150131395,-0.966395916,-0.271015829,-0.532934394,-0.321659674,-0.234259772,21502,0,0,1,0,0
58,-0.321659674,-0.234259772,-0.328369468,0.329299494,-0.082938337,-1.466561758,-0.140385299,-0.699287768,-0.321659674,-0.234259772,20660,0,0,1,0,0
59,-0.321659674,-0.234259772,-0.599004167,-0.751914221,-0.946209154,0.610505165,-0.674871105,-0.802767426,-0.321659674,-0.234259772,14319,0,0,1,0,1
60,-0.321659674,-0.234259772,-0.52738674,-0.338835135,-0.572351714,-0.688269903,-0.501559314,-0.758231877,-0.321659674,-0.234259772,18956,0,0,1,0,0
61,-0.321659674,-0.234259772,-0.568053922,-1.45886165,0.222945023,0.899899636,-0.954886053,-0.339073768,-0.321659674,-0.234259772,19127,0,0,1,0,0
62,-0.221597278,-0.234259772,-0.566974262,0.157414237,-1.061765091,0.027618602,-0.424280362,-1.397447993,-0.221597278,-0.234259772,15732,0,0,1,0,0
63,0.587240423,8.319606018,-0.899149564,0.767329666,0.046212415,-0.553304517,-0.611172555,-1.341123622,0.587240423,8.319606018,6477,0,0,1,0,1
64,-0.321659674,4.265486654,-0.686456602,1.235855609,-1.238497699,-1.969288614,-0.247088455,-0.749062793,-0.321659674,4.265486654,11212,0,0,1,0,1
65,-0.321659674,0.080939857,-0.560496304,0.806142466,-1.136536579,-1.942227243,-0.24547174,-0.467440939,-0.321659674,0.080939857,17162,0,0,1,0,0
66,-0.321659674,-0.234259772,-0.648308626,-2.168581423,-0.048951297,0.012508625,-1.347100985,-0.515906095,-0.321659674,-0.234259772,16524,0,0,1,0,0
67,-0.321659674,-0.234259772,-0.821054179,-1.356284965,-0.837450626,0.355940471,-1.072259524,-1.41578616,-0.321659674,-0.234259772,16423,0,0,1,0,0
68,-0.321659674,-0.234259772,-0.867839432,-0.743597193,-0.477188002,0.32563515,-0.960706225,-0.445173165,-0.321659674,-0.234259772,16297,0,0,1,0,0
69,-0.113196349,-0.234259772,-1.067576477,0.387518694,2.982692675,-0.694501701,-0.806795007,0.566045773,-0.113196349,-0.234259772,5132,1,0,0,1,0
70,-0.321659674,-0.234259772,-1.205413032,-1.464406336,-0.137317601,0.525138064,-1.468031228,0.708821504,-0.321659674,-0.234259772,8433,1,0,0,0,0
71,-0.113196349,-0.234259772,-0.257111928,2.037062696,-0.810260994,-1.721724022,0.310354697,-1.270390691,-0.113196349,-0.234259772,4688,1,0,0,0,1
72,0.720656952,-0.234259772,-0.58496859,0.678614695,0.311311327,0.850472084,-0.299146661,0.02375997,0.720656952,-0.234259772,8597,1,0,0,0,0
73,-0.321659674,-0.234259772,-0.571652787,-0.513492735,-0.014964257,0.923290221,-0.591448638,-0.374440234,-0.321659674,-0.234259772,11170,1,0,0,0,0
74,0.053574311,-0.234259772,-0.697972973,1.291302467,0.501638752,-1.222582585,-0.235448111,-0.434694212,0.053574311,-0.234259772,7711,1,0,0,0,0
75,-0.321659674,-0.234259772,-0.70876957,0.243356866,-0.34803725,-0.695184638,-0.489595626,-0.445173165,-0.321659674,-0.234259772,11642,1,0,0,0,0
76,-0.321659674,-0.234259772,-0.730362764,0.442965551,0.365690591,-0.905870642,-0.471165081,0.370875279,-0.321659674,-0.234259772,11064,1,0,0,0,1
77,-0.321659674,-0.234259772,-0.433816232,-0.926571821,-0.531567266,-1.250156159,-0.605999069,0.039478399,-0.321659674,-0.234259772,13339,1,0,0,0,0
78,-0.321659674,-0.234259772,-0.100201385,0.057609894,-0.001369441,-0.920297682,-0.028508657,0.072225126,-0.321659674,-0.234259772,15963,1,0,0,0,0
79,-0.321659674,-0.234259772,0.342459093,0.110284408,0.875496192,0.721140927,0.355622702,0.241198239,-0.321659674,-0.234259772,19180,1,0,0,0,0
80,1.929744238,-0.234259772,0.016401863,2.189541553,0.467651711,-1.657869431,0.575495871,-1.591308618,1.929744238,-0.234259772,6227,1,0,0,0,0
81,-0.321659674,-0.234259772,-0.471244435,-0.555077878,0.284121695,1.160696128,-0.541653833,0.98782362,-0.321659674,-0.234259772,15277,1,0,0,0,0
82,-0.321659674,-0.234259772,-0.555098005,-0.696467364,-0.212089089,0.483649653,-0.650297045,0.556876689,-0.321659674,-0.234259772,15389,1,0,0,0,1
83,-0.321659674,-0.234259772,-0.409703832,-0.302794678,-0.905424706,-1.182886883,-0.390006015,-0.842063499,-0.321659674,-0.234259772,9609,1,0,0,0,1
84,-0.321659674,-0.234259772,-0.67098148,-1.184399707,2.826352291,1.17563537,-0.876313729,0.097112639,-0.321659674,-0.234259772,11515,1,0,0,0,0
85,-0.321659674,-0.234259772,-0.687536262,0.25721858,0.821116928,-0.389485051,-0.517726458,0.894822915,-0.321659674,-0.234259772,14007,1,0,0,0,0
86,-0.321659674,-0.234259772,-0.581729611,-0.078234906,0.345298367,-1.276193124,-0.519989859,0.715370849,-0.321659674,-0.234259772,14969,1,0,0,0,0
87,-0.321659674,-0.234259772,-0.173618244,0.473461323,0.433664671,-1.972959399,-0.050172631,0.712751111,-0.321659674,-0.234259772,13084,1,0,0,0,0
88,-0.321659674,-0.234259772,0.023599595,0.124146123,-0.205291681,-1.910299947,0.090804871,0.309311431,-0.321659674,-0.234259772,14710,1,0,0,0,0
89,-0.321659674,-0.234259772,0.099895547,0.487323037,0.753142848,-1.130556851,0.252476319,0.042098137,-0.321659674,-0.234259772,17295,1,0,0,0,0
90,-0.321659674,-0.234259772,0.236292556,0.559403952,-0.048951297,-1.810249705,0.379873419,0.162606093,-0.321659674,-0.234259772,17450,1,0,0,0,0
91,-0.321659674,-0.234259772,0.160716377,-0.222396735,0.086996863,-1.058336284,0.046830237,0.837188675,-0.321659674,-0.234259772,19301,1,0,0,0,0
92,-0.321659674,-0.234259772,0.097736227,-0.288932964,0.277324287,-0.393838773,-0.005227969,0.453397031,-0.321659674,-0.234259772,19247,1,0,0,0,1
93,0.512193626,-0.234259772,-0.433096459,1.926168981,0.426867263,-0.567560823,0.121522446,-1.50223752,0.512193626,-0.234259772,2596,1,0,0,0,0
94,0.262037636,-0.234259772,-0.56193585,1.041791609,2.139814082,-1.177081921,-0.188563391,-0.318115863,0.262037636,-0.234259772,11520,1,0,0,0,0
95,-0.071503684,-0.234259772,-0.777148017,-0.094868963,0.012225375,0.319488719,-0.688451507,-0.745133186,-0.071503684,-0.234259772,6666,1,0,0,0,1
96,-0.321659674,-0.234259772,-0.460447838,0.126918465,-1.102549539,-1.018213746,-0.444650964,1.034978907,-0.321659674,-0.234259772,19082,1,0,0,0,0
97,0.095266976,-0.234259772,0.15927683,-0.76023125,2.785567843,0.414758403,-0.090267151,0.511031271,0.095266976,-0.234259772,16696,1,0,0,0,0
98,-0.321659674,-0.234259772,0.004885493,-0.333290449,2.092232226,-0.187335757,-0.146528814,1.472475183,-0.321659674,-0.234259772,0,1,0,0,0,0
99,-0.321659674,-0.234259772,0.018921069,-1.727778908,1.385301793,0.948132047,-0.671314334,1.433179111,-0.321659674,-0.234259772,22729,1,0,0,0,0
100,-0.321659674,-0.234259772,0.127966699,-2.404230566,-0.531567266,1.177769548,-0.894420931,-0.122945368,-0.321659674,-0.234259772,23240,1,0,0,0,0
101,0.428808296,-0.234259772,-0.278345235,1.116644866,0.168565759,-0.070041361,0.035513236,-1.326715062,0.428808296,-0.234259772,6980,1,0,0,0,1
102,-0.321659674,-0.234259772,-0.293460471,0.620395494,0.997849536,-0.24965374,-0.045645831,0.480904282,-0.321659674,-0.234259772,10207,1,0,0,0,1
103,-0.321659674,-0.234259772,-0.119275373,-0.965384621,-0.205291681,0.847569603,-0.430100534,1.4633061,-0.321659674,-0.234259772,23198,1,0,0,0,0
104,-0.321659674,-0.234259772,-0.000152919,-1.428365879,0.141376127,0.407843668,-0.476661911,1.363756049,-0.321659674,-0.234259772,22234,1,0,0,0,0
105,-0.321659674,-0.234259772,-0.037221235,-1.528170222,0.352095775,0.153278974,-0.576251522,1.502602172,-0.321659674,-0.234259772,21670,1,0,0,0,0
106,-0.321659674,-0.234259772,0.084420424,-1.386780736,0.324906143,-0.532048109,-0.421693618,1.145007911,-0.321659674,-0.234259772,17730,1,0,0,0,0
107,-0.321659674,-0.234259772,0.453664042,-0.83785685,-0.660718018,-1.297449532,0.107618701,1.186923722,-0.321659674,-0.234259772,22593,1,0,0,0,0
108,-0.321659674,-0.234259772,0.505487708,-1.533714908,0.168565759,-0.266897895,-0.321133978,1.640138427,-0.321659674,-0.234259772,24404,1,0,0,0,1
109,0.804042282,-0.234259772,0.278399284,-0.388737307,-1.075359907,0.319488719,0.112468845,-1.117136008,0.804042282,-0.234259772,6852,1,0,0,0,1
110,4.76484546,-0.234259772,-0.292380811,2.355882125,0.787129888,-1.438134514,0.342042301,-1.44460328,4.76484546,-0.234259772,977,1,0,0,0,0
111,-0.071503684,-0.234259772,-0.053056244,0.454054923,-0.511175042,1.05612143,0.095331671,-0.455652117,-0.071503684,-0.234259772,20144,1,0,0,0,0
112,-0.321659674,-0.234259772,0.124007947,-1.30361045,-0.41601133,0.937034324,-0.37383887,1.486883743,-0.321659674,-0.234259772,26285,1,0,0,0,0
113,-0.321659674,-0.234259772,0.196705033,-0.552305535,0.236539839,-0.137908206,-0.010401455,1.080824325,-0.321659674,-0.234259772,25670,1,0,0,0,0
114,-0.321659674,-0.234259772,0.238811762,-0.444184164,-0.035356481,-0.895797324,0.087248099,1.215740842,-0.321659674,-0.234259772,25861,1,0,0,0,0
115,-0.321659674,-0.234259772,0.233053577,-0.524582107,0.488043935,-0.552706947,-0.010401455,1.627039736,-0.321659674,-0.234259772,24940,1,0,0,0,1
116,-0.321659674,-0.234259772,0.264363708,-1.015286793,0.284121695,-0.348850311,-0.121631411,1.425319896,-0.321659674,-0.234259772,25349,1,0,0,0,1
117,-0.321659674,-0.234259772,0.520243057,0.132463151,-0.225683905,-1.900568098,0.518587522,0.932809118,-0.321659674,-0.234259772,25462,1,0,0,0,0
118,0.678964287,-0.234259772,0.281638263,2.034290353,0.216147615,-1.910470681,0.786638782,-1.460321709,0.678964287,-0.234259772,7448,1,0,0,0,0
119,-0.238274344,-0.234259772,-0.154904143,0.437420866,1.725172193,0.744190044,0.012232547,-0.188438823,-0.238274344,-0.234259772,21027,1,0,0,0,0
120,1.512817587,-0.234259772,0.354695236,1.707153896,-1.020980643,-0.41099756,0.773381723,-0.564371252,1.512817587,-0.234259772,14556,1,0,0,0,1
121,-0.321659674,-0.234259772,0.533918747,0.287714351,-0.851045442,0.575590021,0.522144293,0.534608915,-0.321659674,-0.234259772,28140,1,0,0,0,0
122,-0.321659674,-0.234259772,0.229814598,0.495640066,0.861901376,-0.661806102,0.364029618,1.691223321,-0.321659674,-0.234259772,0,1,0,0,0,0
123,2.304978223,-0.234259772,0.121848627,1.784779496,-1.211308067,-2.044582396,0.5742025,-1.610956655,2.304978223,-0.234259772,3034,1,0,0,0,1
124,-0.321659674,-0.234259772,0.425952777,0.933670238,-0.545162082,-2.169218363,0.638224393,0.729779409,-0.321659674,-0.234259772,27793,1,0,0,0,0
125,-0.321659674,-0.234259772,0.853138132,-0.128137078,-1.054967683,-1.295656823,0.676702197,0.990443358,-0.321659674,-0.234259772,28478,1,0,0,0,0
126,3.388987514,-0.234259772,0.830105392,2.14795641,0.120983903,-1.959044562,1.290730356,-1.57428032,3.388987514,-0.234259772,6416,1,0,0,0,0
127,6.557630057,-0.234259772,0.719260329,2.494499268,-0.912222114,-1.37701167,1.269389725,-1.265151215,6.557630057,-0.234259772,3521,1,0,0,0,0
128,0.303730301,-0.234259772,0.352895804,2.05092441,-0.68790765,-0.687245498,0.850337332,-1.045093208,0.303730301,-0.234259772,16087,1,0,0,0,0
129,-0.321659674,-0.234259772,0.384925708,-0.751914221,-0.307252802,1.174525598,0.140276334,2.031789285,-0.321659674,-0.234259772,30994,1,0,0,0,1
130,-0.321659674,-0.234259772,0.367291266,-1.633519251,-0.55195949,1.182208637,-0.268429086,0.104971853,-0.321659674,-0.234259772,27829,1,0,0,0,1
131,0.428808296,-0.234259772,0.465180412,0.138007837,-1.095752131,-0.553048416,0.685432456,-0.360031674,0.428808296,-0.234259772,13790,1,0,0,1,0
132,0.512193626,-0.234259772,0.401120604,0.240584523,1.589224033,0.470759221,0.381166791,2.040958368,0.512193626,-0.234259772,27674,1,0,0,0,0
133,-0.321659674,-0.234259772,0.444666878,-0.751914221,0.868698784,0.369257739,0.14544982,1.755406907,-0.321659674,-0.234259772,28781,1,0,0,0,0
134,-0.321659674,-0.234259772,0.748771027,-0.541216164,-0.504377634,-0.564060772,0.448745456,1.734449001,-0.321659674,-0.234259772,28079,1,0,0,0,1
135,-0.321659674,-0.234259772,0.671755302,-1.081823021,0.324906143,0.276122232,0.267350092,0.458636508,-0.321659674,-0.234259772,28991,1,0,0,0,1
136,-0.238274344,-0.234259772,0.753809439,0.534452866,0.236539839,-0.614512728,0.729083747,-0.036494008,-0.238274344,-0.234259772,24355,1,0,0,0,0
137,-0.321659674,-0.234259772,0.667436663,0.756240295,0.080199455,-0.977408272,0.805069327,1.054626944,-0.321659674,-0.234259772,30372,1,0,0,0,0
138,-0.321659674,-0.234259772,0.941310341,-0.549533192,0.372487999,0.358928319,0.609446875,1.875914863,-0.321659674,-0.234259772,31928,0,1,0,0,0
139,-0.321659674,-0.234259772,0.941670227,-1.145586907,-0.055748705,0.843813451,0.358532788,1.776364812,-0.321659674,-0.234259772,29761,0,1,0,0,1
140,-0.321659674,-0.234259772,0.870052801,-0.713101421,0.053009823,0.50729634,0.530227866,0.983894013,-0.321659674,-0.234259772,33257,0,1,0,0,0
141,-0.321659674,-0.234259772,0.929074198,-0.410916049,0.005427967,-0.050748396,0.659888367,1.40567186,-0.321659674,-0.234259772,33424,0,1,0,0,0
142,-0.321659674,-0.234259772,0.888047129,0.132463151,0.590005056,-0.805649666,0.83223013,1.700392405,-0.321659674,-0.234259772,30498,0,1,0,1,0
143,-0.321659674,-0.234259772,0.819308795,0.725744523,0.352095775,-1.534684705,0.915329254,1.365065918,-0.321659674,-0.234259772,32002,0,1,0,0,0
144,-0.321659674,-0.234259772,0.771443881,0.670297666,0.549220608,-0.752636697,0.879438193,0.64201818,-0.321659674,-0.234259772,35103,0,1,0,0,0
145,-0.279967009,-0.234259772,0.939151021,0.193454694,-0.558756898,-0.405619433,0.850984018,0.867315664,-0.279967009,-0.234259772,25911,0,1,0,0,1
146,-0.279967009,-0.234259772,0.733655792,0.115829094,-0.565554306,1.176062206,0.698689514,-0.104607201,-0.279967009,-0.234259772,29342,0,1,0,0,1
147,0.011881646,-0.234259772,0.669236096,0.332071837,-0.497580226,1.003535296,0.698042829,-0.30763691,0.011881646,-0.234259772,24832,0,1,0,0,0
148,-0.238274344,-0.234259772,0.722859195,0.523363494,-0.103330561,1.132781086,0.779201895,1.287783642,-0.238274344,-0.234259772,34544,0,1,0,0,0
149,-0.321659674,-0.234259772,0.791597529,0.35425058,-0.436403554,0.10718074,0.816709671,0.279184442,-0.321659674,-0.234259772,36149,0,1,0,0,0
150,2.096514898,-0.234259772,0.763886263,1.063970352,-1.007385827,-0.625439717,0.978704462,-0.429454735,2.096514898,-0.234259772,23818,0,1,0,0,0
151,1.054198272,-0.234259772,0.781520705,0.157414237,-0.524769858,0.895289812,0.726497003,1.312671154,1.054198272,-0.234259772,33492,0,1,0,0,0
152,-0.321659674,-0.234259772,0.819668681,-0.283388278,-0.409213922,0.93805873,0.63563765,1.891633292,-0.321659674,-0.234259772,34360,0,1,0,0,1
153,-0.321659674,-0.234259772,0.844860741,0.185137665,0.046212415,-0.436863792,0.806686041,0.528059569,-0.321659674,-0.234259772,35349,0,1,0,0,0
154,-0.321659674,-0.234259772,0.853857905,0.589899723,1.242556225,-1.153605968,0.923412827,1.427939634,-0.321659674,-0.234259772,34639,0,1,0,0,0
155,-0.321659674,-0.234259772,0.935552156,0.171275951,0.698763584,-0.547670288,0.849367304,1.911281329,-0.321659674,-0.234259772,34621,0,1,0,0,0
156,-0.321659674,-0.234259772,1.025883684,-0.696467364,0.005427967,-0.245214651,0.55415524,1.805181932,-0.321659674,-0.234259772,34079,0,1,0,0,0
157,-0.321659674,-0.234259772,1.01580686,-0.718646107,0.352095775,0.219438477,0.635314307,1.122740136,-0.321659674,-0.234259772,31949,0,1,0,0,1
158,-0.321659674,-0.234259772,1.065471206,0.248901551,0.290919103,-1.142678979,0.940873343,1.582504187,-0.321659674,-0.234259772,27028,0,1,0,0,1
159,-0.321659674,-0.234259772,1.201508329,0.00493538,-0.946209154,-1.077970717,1.011685437,0.893513046,-0.321659674,-0.234259772,32702,0,1,0,0,0
160,5.640391426,-0.234259772,0.871852233,1.712698581,0.81431952,-1.985849831,1.209247946,-1.614886262,5.640391426,-0.234259772,5200,0,1,0,0,0
161,1.888051573,-0.234259772,0.913599075,1.668341096,-0.912222114,-0.92123672,1.258396066,-0.564371252,1.888051573,-0.234259772,21647,0,1,0,0,0
162,0.887427612,-0.234259772,0.996732872,1.64339001,-1.326864003,-1.678955105,1.330824875,-0.636414052,0.887427612,-0.234259772,20479,0,1,0,0,1
163,6.432552062,-0.234259772,0.795916168,2.333703382,-1.537583651,-1.002250099,1.305604129,-1.510096735,6.432552062,-0.234259772,3231,0,1,0,0,1
164,4.806538125,-0.234259772,0.831544938,2.464003496,-1.517191427,-0.752978165,1.36380585,-1.164291295,4.806538125,-0.234259772,5240,0,1,0,0,0
165,-0.271628476,-0.234259772,1.235697553,1.138823609,-1.537583651,0.756995109,1.386763196,1.213121104,-0.271628476,-0.234259772,29293,0,1,0,0,0
166,-0.321659674,-0.234259772,1.265568138,0.728516866,-0.110127969,0.912619334,1.326621417,1.154176994,-0.321659674,-0.234259772,31781,0,1,0,0,0
167,-0.321659674,-0.234259772,0.971900699,0.002163037,0.202552799,1.182208637,0.873618021,0.289663395,-0.321659674,-0.234259772,33676,0,1,0,0,0
168,-0.321659674,-0.234259772,0.945988866,-0.441411821,-0.24607613,1.17563537,0.701922943,1.79470298,-0.321659674,-0.234259772,31076,0,1,0,0,1
169,-0.321659674,-0.234259772,0.880489511,-0.519037421,-0.334442434,1.160781495,0.620440534,1.357206703,-0.321659674,-0.234259772,30080,0,1,0,0,1
170,1.471124922,-0.234259772,0.909640323,1.91507961,-1.734708484,0.088229244,1.31465773,-1.008416873,1.471124922,-0.234259772,20641,0,1,0,0,0
171,-0.029811019,-0.234259772,1.192871051,1.704381553,-0.674312834,-0.830491492,1.509633496,-0.63903379,-0.029811019,-0.234259772,24135,0,1,0,0,0
172,-0.321659674,-0.234259772,1.240016192,1.161002352,0.209350207,0.346208621,1.422007571,0.259536406,-0.321659674,-0.234259772,30088,0,1,0,0,0
173,-0.321659674,-0.234259772,1.304435887,0.783963723,0.168565759,0.412624226,1.369949365,1.033669038,-0.321659674,-0.234259772,25814,0,1,0,0,1
174,-0.321659674,-0.234259772,1.374613768,0.395835723,-0.014964257,0.613151545,1.300753986,1.709561489,-0.321659674,-0.234259772,26823,0,1,0,0,0
175,-0.321659674,-0.234259772,1.332147153,0.454054923,-0.531567266,-0.859601674,1.286850241,1.509151518,-0.321659674,-0.234259772,27896,0,1,0,0,0
176,-0.321659674,-0.234259772,1.360218305,0.390291037,-0.008166849,-0.188872365,1.283293469,1.857576696,-0.321659674,-0.234259772,27820,0,1,0,0,0
177,-0.321659674,-0.234259772,1.433275278,0.33484418,-0.48398541,-0.177603907,1.331794904,1.586433794,-0.321659674,-0.234259772,26699,0,1,0,0,0
178,-0.321659674,-0.234259772,1.530444651,-0.208535021,-0.41601133,0.334684063,1.217654862,1.703012143,-0.321659674,-0.234259772,21283,0,1,0,0,1
179,-0.321659674,-0.234259772,1.509931117,0.45128258,1.18817696,0.138595833,1.460162033,0.097112639,-0.321659674,-0.234259772,25918,0,1,0,0,0
180,-0.321659674,-0.234259772,1.484379171,0.700793437,-0.470390594,-0.680842965,1.509633496,-0.184509216,-0.321659674,-0.234259772,24915,0,1,0,0,0
181,-0.321659674,-0.234259772,1.550598299,0.736833895,-0.021761665,-0.960676321,1.566865189,0.7428781,-0.321659674,-0.234259772,23275,0,1,0,0,0
182,0.303730301,-0.234259772,1.469263935,1.191498124,-0.78986877,-0.833991543,1.631857111,-0.527694917,0.303730301,-0.234259772,16880,0,1,0,0,1
183,-0.321659674,-0.234259772,1.590545708,-0.313884049,-0.783071362,1.047755454,1.242228922,1.141078304,-0.321659674,-0.234259772,18190,0,1,0,0,1
184,-0.321659674,-0.234259772,1.702830317,-0.582801307,-0.558756898,1.169488939,1.257749381,1.425319896,-0.321659674,-0.234259772,22897,0,1,0,0,0
185,-0.321659674,-0.234259772,1.807917195,-0.330518106,-0.307252802,0.566285007,1.444641574,0.649877395,-0.321659674,-0.234259772,20693,0,1,0,0,0
186,-0.321659674,-0.234259772,1.762211601,-0.150315821,0.107389087,0.177950066,1.467922263,0.978654536,-0.321659674,-0.234259772,20794,0,1,0,0,0
187,-0.154889014,-0.234259772,1.470343595,0.986344752,1.514452545,-0.029577355,1.568481903,0.917090689,-0.154889014,-0.234259772,17415,0,1,0,0,1
188,0.220344971,-0.234259772,1.54735932,0.886540409,-0.198494273,-0.267836933,1.609223108,0.55556682,0.220344971,-0.234259772,19171,0,1,0,0,0
189,-0.321659674,-0.234259772,1.529364992,0.271080294,-0.490782818,0.939851439,1.415864056,0.262156144,-0.321659674,-0.234259772,23806,0,1,0,0,0
190,-0.154889014,-0.234259772,1.395487189,1.183181095,-0.103330561,0.280134486,1.56815856,-0.328594816,-0.154889014,-0.234259772,21644,0,1,0,0,0
191,-0.321659674,-0.234259772,1.53476329,0.21840578,-0.674312834,0.703128469,1.371889423,1.078204587,-0.321659674,-0.234259772,23833,0,1,0,0,0
192,-0.321659674,-0.234259772,1.578309565,-0.219624392,-0.191696865,1.155318,1.28555687,1.015330871,-0.321659674,-0.234259772,20009,0,1,0,0,1
193,0.095266976,-0.234259772,1.544480227,0.08256098,-0.361632066,0.868143074,1.358955707,0.604031977,0.095266976,-0.234259772,17498,0,1,0,0,1
194,-0.238274344,-0.234259772,1.508131684,0.731289209,-0.490782818,-0.125103141,1.523213898,-0.174030263,-0.238274344,-0.234259772,22827,0,1,0,0,0
195,-0.321659674,-0.234259772,1.614298221,0.021569437,-0.545162082,1.085829181,1.397756854,0.622370144,-0.321659674,-0.234259772,23836,0,1,0,0,0
196,-0.321659674,-0.234259772,1.49805486,-0.347152164,-0.157709825,1.174269497,1.166243341,1.475094922,-0.321659674,-0.234259772,25329,0,1,0,0,0
197,-0.321659674,-0.234259772,1.186393093,-0.921027136,-0.524769858,1.146269088,0.700306229,1.264205998,-0.321659674,-0.234259772,26398,0,1,0,0,1
198,-0.321659674,-0.234259772,1.300117248,-0.519037421,-0.817058402,1.145415417,0.937316571,0.808371555,-0.321659674,-0.234259772,24547,0,1,0,0,1
199,-0.321659674,-0.234259772,1.394407529,-0.172494563,0.406475039,0.73488503,1.160746512,0.190113344,-0.321659674,-0.234259772,26827,0,1,0,0,0
200,-0.321659674,-0.234259772,1.503453159,-0.108730678,-0.946209154,1.105975816,1.226061777,1.133219089,-0.321659674,-0.234259772,26072,0,1,0,0,0
201,0.345422966,-0.234259772,1.021205159,1.743194353,1.147392512,0.70722609,1.377709595,-1.038543862,0.345422966,-0.234259772,11658,0,1,0,0,0
202,-0.321659674,-0.234259772,1.071589278,0.692476409,1.351314753,0.771678251,1.148459482,0.33943842,-0.321659674,-0.234259772,27302,0,1,0,0,1
203,1.304354262,-0.234259772,0.830465278,2.170135153,-1.408432899,-0.453510376,1.302694043,-0.756922008,1.304354262,-0.234259772,14435,0,1,0,0,0
204,3.263909519,-0.234259772,1.053954836,1.87626681,1.15418992,0.44958818,1.431384515,-1.423645375,3.263909519,-0.234259772,9184,0,1,0,0,0
205,0.470500961,-0.234259772,1.091742926,1.551902695,0.182160575,-0.610841943,1.38611651,-0.63903379,0.470500961,-0.234259772,20959,0,1,0,0,0
206,-0.313321141,-0.234259772,1.101099977,0.584355037,-0.205291681,0.381123766,1.123885422,1.120120398,-0.313321141,-0.234259772,27817,0,1,0,0,0
207,-0.321659674,-0.234259772,-1.318417414,-0.832312164,-0.307252802,0.917399891,-1.362298101,-1.001867528,-0.321659674,-0.234259772,9539,0,0,0,0,0
208,0.011881646,-0.234259772,-0.685376943,1.540813324,-0.184899457,-1.981666843,-0.164959359,-1.389588778,0.011881646,-0.234259772,7222,0,0,0,0,1
209,-0.313321141,-0.234259772,-1.132715946,-0.391509649,2.812757475,-0.123225064,-1.081313125,-0.894458262,-0.313321141,-0.234259772,8729,0,0,0,0,0
210,-0.321659674,-0.234259772,-1.491522853,-1.461633993,-1.007385827,1.099146448,-1.663330337,-1.671210633,-0.321659674,-0.234259772,8307,0,0,0,0,0
211,-0.213258745,0.700470162,-1.102485474,0.825548866,-1.680329219,-0.48373033,-0.713672253,-0.979599753,-0.213258745,0.700470162,6669,0,0,0,0,0
212,-0.321659674,0.896111311,-1.012153946,0.609306123,-0.055748705,-0.970237436,-0.700091851,-1.017585957,-0.321659674,0.896111311,8549,0,0,0,0,0
213,-0.321659674,-0.234259772,-1.436820095,-1.106774107,0.202552799,0.92038774,-1.503598947,-0.881359572,-0.321659674,-0.234259772,8032,0,0,0,0,0
214,0.020220179,3.298149862,-1.003516668,0.753467952,0.454056895,-0.778417561,-0.624106271,-1.511406604,0.020220179,3.298149862,3453,0,0,0,0,1
215,-0.321659674,-0.234259772,-1.647713623,-1.26479765,3.071058979,1.164110812,-1.706658285,-0.865641142,-0.321659674,-0.234259772,5848,0,0,0,0,0
216,-0.321659674,-0.234259772,-1.924106507,-1.037465536,0.501638752,1.114171058,-1.858306103,-0.893148393,-0.321659674,-0.234259772,5496,0,0,0,0,0
217,-0.321659674,-0.234259772,-1.850689647,-1.145586907,0.100591679,1.088219459,-1.853779302,-0.891838524,-0.321659674,-0.234259772,6019,0,0,0,0,0
218,-0.321659674,-0.234259772,-1.699897175,-1.054099593,-1.367648451,0.397855717,-1.689197769,-1.299207811,-0.321659674,-0.234259772,6398,0,0,0,0,0
219,-0.321659674,-0.234259772,-1.56314028,-0.801816393,2.003865922,0.188279485,-1.554040438,-0.945543157,-0.321659674,-0.234259772,4632,0,0,0,0,1
220,-0.321659674,-0.234259772,-1.712133319,-1.38123605,0.290919103,1.160952229,-1.806894582,-0.931134597,-0.321659674,-0.234259772,3776,0,0,0,0,1
221,-0.038149552,6.254505001,-1.276670573,1.238627952,-0.885032482,-1.625686034,-0.741803085,-1.566421106,-0.038149552,6.254505001,2620,0,0,0,0,0
222,-0.321659674,5.80887794,-1.411628035,-0.543988507,0.725953216,0.488088743,-1.321556896,-0.918035906,-0.321659674,5.80887794,4334,0,0,0,0,0
223,-0.304982608,5.015444391,-1.47712739,0.473461323,-1.000588419,-0.037431128,-1.08745664,-1.34374336,-0.304982608,5.015444391,4568,0,0,0,0,0
224,-0.321659674,3.993762836,-1.179501199,0.978027723,-0.830653218,-1.419012283,-0.736306256,-0.978289884,-0.321659674,3.993762836,5734,0,0,0,0,0
225,-0.321659674,0.602649587,-0.868199319,0.578810352,-1.184118435,-1.27072963,-0.53130686,-1.337194015,-0.321659674,0.602649587,7184,0,0,0,1,0
226,-0.321659674,-0.234259772,-0.577051086,1.144368295,-0.92581693,-2.221633763,-0.154289044,-1.354222313,-0.321659674,-0.234259772,6624,0,0,0,0,1
227,-0.321659674,-0.234259772,-1.287107283,-0.998652736,1.589224033,1.011986639,-1.336754012,-0.897078001,-0.321659674,-0.234259772,3966,0,0,0,1,0
228,-0.321659674,-0.234259772,-1.388595295,-0.984791021,1.854322945,1.10085379,-1.503598947,-0.903627346,-0.321659674,-0.234259772,5605,0,0,0,0,0
229,-0.321659674,-0.234259772,-1.710693773,-1.813721536,0.372487999,1.175037801,-1.985056518,-0.918035906,-0.321659674,-0.234259772,5351,0,0,0,0,0
230,-0.321659674,-0.234259772,-1.329214011,-0.887759021,-0.606338754,0.311037376,-1.342897527,-1.287418989,-0.321659674,-0.234259772,6594,0,0,0,0,0
231,-0.321659674,-0.234259772,-0.916784005,0.440193209,-0.898627298,-1.842603836,-0.601795611,-1.276940037,-0.321659674,-0.234259772,7663,0,0,0,0,0
232,-0.221597278,1.320000467,-1.098886608,0.046520522,0.970659904,-0.620146957,-0.957472796,-0.915416168,-0.221597278,1.320000467,3423,0,0,0,1,1
233,-0.321659674,-0.234259772,-1.493322286,-1.145586907,0.651181728,1.069865533,-1.543370123,-0.924585251,-0.321659674,-0.234259772,6512,0,0,0,0,0
234,-0.321659674,-0.234259772,-1.521033552,-0.948750564,-0.572351714,0.824349752,-1.504568975,-1.164291295,-0.321659674,-0.234259772,6453,0,0,0,0,0
235,-0.321659674,-0.234259772,-1.358004937,-0.654882221,-0.110127969,0.023008779,-1.268852004,-1.003177397,-0.321659674,-0.234259772,6967,0,0,0,0,0
236,-0.321659674,-0.234259772,-1.210811331,-1.018059136,-1.490001795,0.059204429,-1.27952232,-1.292658466,-0.321659674,-0.234259772,4714,0,0,0,0,1
237,-0.246612877,0.2548431,-0.983722907,-0.602207707,0.039415007,-0.561414391,-0.978490084,-1.470800662,-0.246612877,0.2548431,5711,0,0,0,0,0
238,-0.321659674,0.939587122,-1.440778847,0.013252408,2.037852962,0.149522822,-1.156005334,-1.050332684,-0.321659674,0.939587122,5500,0,0,0,0,0
239,-0.25495141,0.874373405,-1.713932752,-0.277843592,1.969878882,0.896655686,-1.491635259,-0.886599048,-0.25495141,0.874373405,4161,0,0,0,0,0
240,-0.321659674,-0.234259772,-2.036391116,-0.56616725,1.487262913,0.830069347,-1.810451354,-0.893148393,-0.321659674,-0.234259772,4017,0,0,0,0,0
241,-0.321659674,-0.234259772,-2.030273044,-1.47826805,0.066604639,1.145159315,-2.10922019,-0.852542452,-0.321659674,-0.234259772,4111,0,0,0,0,0
242,-0.288305542,0.004857188,-1.500160131,0.359795266,-1.435622531,-0.697062714,-1.133047988,-1.417096029,-0.288305542,0.004857188,3503,0,0,0,0,1
243,-0.304982608,-0.234259772,-0.699772405,0.368112294,-0.402416514,-1.605027196,-0.459524737,-1.17215051,-0.304982608,-0.234259772,6334,0,0,0,0,0
244,-0.321659674,-0.234259772,-0.713448095,0.33484418,-0.810260994,-2.198072443,-0.456937994,-1.237643964,-0.321659674,-0.234259772,6292,0,0,0,0,0
245,-0.321659674,-0.234259772,-0.906347295,0.27662498,0.243337247,-1.714211717,-0.668080905,-1.385659171,-0.321659674,-0.234259772,6383,0,0,0,0,0
246,-0.321659674,-0.234259772,-0.91102582,0.00493538,-0.259670946,-1.292839709,-0.706558709,-1.193108415,-0.321659674,-0.234259772,5576,0,0,0,0,1
247,-0.321659674,-0.234259772,-1.072614889,-1.384008393,-0.966601378,-0.096761263,-1.356477929,-1.01365635,-0.321659674,-0.234259772,4973,0,0,0,0,1
248,-0.046488085,0.439615296,-1.06829625,-0.344379821,-0.51797245,-0.263227109,-1.037015148,-1.533674378,-0.046488085,0.439615296,4503,0,0,0,0,0
249,-0.321659674,2.298206211,-2.049347032,-0.921027136,3.179817507,1.001998688,-1.94625537,-0.785739128,-0.321659674,2.298206211,3981,0,0,0,0,0
250,-0.321659674,1.906923914,-2.322860823,-1.835900279,2.724391171,1.153696026,-2.464574032,-0.771330568,-0.321659674,1.906923914,3154,0,0,0,0,0
251,-0.321659674,1.309131514,-2.316022978,-1.661242679,1.867917761,1.175037801,-2.388588451,-0.830274677,-0.321659674,1.309131514,3113,0,0,0,0,0
252,-0.321659674,0.885242358,-2.379363014,-1.627974565,1.290138081,0.958802935,-2.42415617,-0.910176692,-0.321659674,0.885242358,2931,0,0,0,0,0
253,-0.321659674,-0.234259772,-1.627559975,-1.575300051,1.466870689,1.035035756,-1.820151641,-0.948162895,-0.321659674,-0.234259772,2828,0,0,0,0,1
254,-0.321659674,-0.234259772,-1.842772143,-1.472723365,1.623211073,1.071743609,-1.952398885,-0.777879913,-0.321659674,-0.234259772,4088,0,0,0,0,0
255,-0.079842217,1.874317055,-1.617123265,0.018797094,-0.769476546,-0.019162569,-1.346130956,-1.075220197,-0.079842217,1.874317055,3360,0,0,0,0,0
256,-0.321659674,2.124302968,-1.440418961,-0.957067593,-0.191696865,1.025730742,-1.4761148,-0.724175281,-0.321659674,2.124302968,5377,0,0,0,0,0
257,-0.279967009,0.004857188,-1.677944095,-0.629931135,3.376942339,0.524028292,-1.562447353,0.004111933,-0.279967009,0.004857188,3290,0,0,0,0,1
258,-0.321659674,-0.234259772,-1.928785032,-1.156676279,2.18059853,0.83058155,-1.91489111,0.004111933,-0.321659674,-0.234259772,2487,0,0,0,0,1
259,-0.321659674,-0.234259772,-1.825497587,-1.223212507,-0.178102049,0.835959677,-1.890963735,-0.029944663,-0.321659674,-0.234259772,4697,0,0,0,0,0
260,-0.321659674,-0.234259772,-1.502679337,-0.907165421,-0.85784285,0.452576029,-1.514592605,-0.074480212,-0.321659674,-0.234259772,5613,0,0,0,0,0
261,-0.321659674,-0.234259772,-1.623601223,-1.18717205,1.589224033,1.108024627,-1.690814483,-0.17795987,-0.321659674,-0.234259772,2850,0,0,0,0,1
262,-0.321659674,-0.234259772,-1.145311976,-2.038281308,1.072621024,1.146866657,-1.66365368,0.102352115,-0.321659674,-0.234259772,3484,0,0,0,1,0
263,-0.321659674,-0.234259772,-1.356205504,-2.096500508,1.623211073,1.127573693,-1.86250956,0.285733788,-0.321659674,-0.234259772,3118,0,0,0,1,1
264,-0.321659674,-0.234259772,-1.165105737,-2.121451594,-0.715097282,1.15267162,-1.710215057,-0.314186256,-0.321659674,-0.234259772,4562,0,0,0,0,1
265,-0.321659674,-0.234259772,-0.957091301,-0.790727021,-0.368429474,-0.314874205,-0.9891604,-0.463511332,-0.321659674,-0.234259772,7604,0,0,0,0,0
266,-0.321659674,-0.234259772,-1.011794059,-0.89607605,1.18817696,-0.317605952,-1.228434142,-0.007676888,-0.321659674,-0.234259772,7955,0,0,0,0,0
267,-0.321659674,-0.234259772,-1.185619271,-1.888574794,0.997849536,1.125098047,-1.663977023,0.217620595,-0.321659674,-0.234259772,7491,0,0,0,0,0
268,0.020220179,4.624162093,-0.765271761,1.499228181,0.311311327,-2.403636421,-0.255172027,-0.548652823,0.020220179,4.624162093,5797,0,0,0,0,0
269,-0.321659674,-0.234259772,-0.867839432,-0.380420278,0.957065088,-0.942407761,-0.889570788,-0.069240736,-0.321659674,-0.234259772,6356,0,0,0,0,1
270,-0.321659674,-0.234259772,-0.940896405,-1.270342336,0.114186495,0.55706536,-1.177669308,0.334198944,-0.321659674,-0.234259772,6500,0,0,0,0,1
271,-0.321659674,-0.234259772,-0.871078411,-0.826767478,-0.58594653,-0.201506696,-0.9914238,0.359086457,-0.321659674,-0.234259772,9247,0,0,0,0,0
272,-0.321659674,-0.234259772,-0.760233349,-0.757458907,-1.347256227,-1.12850804,-0.803238235,-1.409236815,-0.321659674,-0.234259772,8862,0,0,0,0,0
273,1.596202917,-0.234259772,-0.687536262,0.778419038,0.617194688,-1.604173525,-0.356701696,-1.55987176,1.596202917,-0.234259772,3820,0,0,0,0,0
