"","SUM_RAIN_FALL(mm)","SUM_SNOW_FALL(cm)","TEMP(deg C)_MEAN","RH(%)_MEAN","WD_SPD(m/s)_MEAN","VIS(10m)_MEAN","DP_TEMP(deg C)_MEAN","SOL_RAD(MJ/m2)_MEAN","RAIN_FALL(mm)_MEAN","SNOW_FALL(cm)_MEAN","SUM_RBC","SEASONS_Spring","SEASONS_Summer","SEASONS_Autumn","HOLIDAY_Holiday","DAY_TYPE_WKEND"
"1",-0.321659674375217,-0.234259772168185,1.0921028124684,0.187910008349031,-0.844248034331676,0.852520894796511,0.986788034224818,0.968175583667259,-0.321659674375217,-0.234259772168185,26010,0,0,1,0,1
"2",-0.321659674375217,-0.234259772168185,1.05179551694751,-0.255664849232339,-0.361632065668837,1.17000114170618,0.84678056049538,0.880414354632108,-0.321659674375217,-0.234259772168185,26881,0,0,1,0,1
"3",-0.321659674375217,-0.234259772168185,0.90208270501276,0.880995723319921,0.719155807815548,0.0658630633169172,1.01912232376972,1.0506973363421,-0.321659674375217,-0.234259772168185,29529,0,0,1,0,0
"4",-0.321659674375217,-0.234259772168185,0.952466824413877,0.2267228083874,1.26974585657174,1.08830482648904,0.887198422426511,1.15810660172841,-0.321659674375217,-0.234259772168185,31114,0,0,1,0,0
"5",-0.321659674375217,-0.234259772168185,0.988095594561811,0.82554886612225,0.277324287208724,0.434905038952976,1.10610156264552,-0.33907376822946,-0.321659674375217,-0.234259772168185,27838,0,0,1,0,0
"6",-0.196581679259225,-0.234259772168185,0.807432537852089,-0.10041364907886,1.22896140851573,0.872240695021339,0.670235339580199,0.780864303786266,-0.196581679259225,-0.234259772168185,30381,0,0,1,0,0
"7",-0.321659674375217,-0.234259772168185,0.767125242331195,-0.646565192475922,-0.0965331533047426,1.14558615095163,0.449715484883947,1.19609280534063,-0.321659674375217,-0.234259772168185,29813,0,0,1,0,1
"8",-0.321659674375217,-0.234259772168185,0.790157982628849,-0.593890678138134,-0.803463586275662,1.17640367424671,0.485283203383343,1.01926047818026,-0.321659674375217,-0.234259772168185,28354,0,0,1,0,1
"9",-0.321659674375217,-0.234259772168185,0.875451099043598,-0.55230553523988,-0.266468353538137,1.17597683874401,0.593279730463325,0.814920900128265,-0.321659674375217,-0.234259772168185,30781,0,0,1,0,0
"10",-0.321659674375217,-0.234259772168185,0.839462442328514,-0.430322449405004,-0.660718018079611,1.15924488703809,0.613003647085717,0.886963700082493,-0.321659674375217,-0.234259772168185,31809,0,0,1,0,0
"11",-0.321659674375217,-0.234259772168185,0.918277600534548,0.259990922706003,-0.817058402294333,1.15395212680459,0.901425509826269,-0.0901986411148542,-0.321659674375217,-0.234259772168185,30991,0,0,1,0,0
"12",-0.304982608359752,-0.234259772168185,0.898483839341251,1.16377469502804,-1.19771325081714,1.08249986365229,1.1303522798042,-0.809316771567057,-0.304982608359752,-0.234259772168185,25079,0,0,1,0,1
"13",-0.154889014220561,-0.234259772168185,0.823267546806726,1.63230063834837,0.0326175988726367,-1.41730494147163,1.17465025648072,-0.940303680574744,-0.154889014220561,-0.234259772168185,14178,0,0,1,0,1
"14",-0.321659674375217,-0.234259772168185,0.780800931882927,0.0853333225333388,-0.647123202060939,0.81163005363767,0.702246286229655,0.292283133187593,-0.321659674375217,-0.234259772168185,0,0,0,1,0,0
"15",-0.304982608359752,-0.234259772168185,0.811391290090748,0.0908780082531061,-1.26568733091049,0.627407850671531,0.743634176847133,-0.387538924562304,-0.304982608359752,-0.234259772168185,0,0,0,1,0,0
"16",0.0952669760114237,-0.234259772168185,0.538957158757563,1.45209835245593,0.0258201908633009,-0.0719194369552548,0.882024936099326,-1.24943278583289,0.0952669760114237,-0.234259772168185,14282,0,0,1,0,0
"17",1.17927626701669,-0.234259772168185,0.566308537861027,1.80695823852103,-0.640325794051604,0.550918928587352,0.988728091597512,-0.957331978745743,1.17927626701669,-0.234259772168185,18266,0,0,1,0,0
"18",0.220344971127416,-0.234259772168185,0.708103845318458,0.334844179922859,0.0122253748446295,0.262975698464653,0.668295282207504,0.712751111102269,0.220344971127416,-0.234259772168185,26398,0,0,1,0,1
"19",-0.321659674375217,-0.234259772168185,0.570267290099686,-0.236258449213154,-0.212089089463451,1.15813511473107,0.424818081934371,0.150817271459291,-0.321659674375217,-0.234259772168185,20060,0,0,1,1,1
"20",-0.321659674375217,-0.234259772168185,0.432790621448066,-0.726963135412545,0.698763583787541,1.1774280794532,0.143186419998249,0.961626238216874,-0.321659674375217,-0.234259772168185,17259,0,0,1,1,0
"21",-0.321659674375217,-0.234259772168185,0.40435958264315,-0.641020506756154,-1.02098064257441,1.17853785176022,0.134779504716573,0.860766318280955,-0.321659674375217,-0.234259772168185,23350,0,0,1,1,0
"22",-0.321659674375217,-0.234259772168185,0.516644191594211,-0.749141878291613,-0.796666178266326,1.18109886477643,0.22434548675596,0.607961583896119,-0.321659674375217,-0.234259772168185,30789,0,0,1,0,0
"23",-0.321659674375217,-0.234259772168185,0.407238675180356,-0.0726902204800242,-0.701502466135625,1.18084276347481,0.374376590244319,-0.63641405167691,-0.321659674375217,-0.234259772168185,0,0,0,1,0,0
"24",-0.321659674375217,-0.234259772168185,0.62748925427667,-0.197445649174784,-1.14333398674245,1.17862321886076,0.472996173356279,0.753357052894652,-0.321659674375217,-0.234259772168185,31447,0,0,1,0,1
"25",-0.321659674375217,-0.234259772168185,0.441068012492535,-0.305567020710243,0.488043935498132,1.03520648995292,0.2786670931914,0.436368733096049,-0.321659674375217,-0.234259772168185,0,0,0,1,0,1
"26",-0.321659674375217,-0.234259772168185,0.226935505037786,-0.275071249251524,1.7931462732906,1.15258625319594,0.153210049757169,0.194042951431827,-0.321659674375217,-0.234259772168185,27909,0,0,1,0,0
"27",-0.321659674375217,-0.234259772168185,0.256806090111305,0.160186579750195,-0.157709825388765,0.861996642956493,0.274140292655114,0.683933991120578,-0.321659674375217,-0.234259772168185,0,0,0,1,0,0
"28",4.38961147499383,-0.234259772168185,0.450065176671306,1.71547092414487,0.759940255871562,0.223792199316619,0.859714276313342,-0.885289178791516,4.38961147499383,-0.234259772168185,16037,0,0,1,0,1
"29",-0.321659674375217,-0.234259772168185,0.341379433391753,-0.0172433632823528,-0.0285590732113853,0.846459830658145,0.257973147882661,0.266085751386055,-0.321659674375217,-0.234259772168185,27614,0,0,1,0,1
"30",-0.321659674375217,-0.234259772168185,0.165035015487841,-0.79349936404975,-1.0005884185464,1.15011060728027,-0.114194524779194,0.217620595053211,-0.321659674375217,-0.234259772168185,29362,0,0,1,0,0
"31",-0.321659674375217,-0.234259772168185,0.189147415486948,-0.383192620786983,-0.959803970490384,1.16701329318727,0.0775478122220918,-0.619385753505911,-0.321659674375217,-0.234259772168185,0,0,0,1,1,0
"32",-0.321659674375217,-0.234259772168185,-0.270067844197523,-0.541216163800346,0.78033247989957,1.16522058407592,-0.36381524006586,0.235958762314287,-0.321659674375217,-0.234259772168185,24526,0,0,1,0,0
"33",-0.321659674375217,-0.234259772168185,-0.172538584499646,-0.34160747788873,-0.78986877025699,1.10571971499928,-0.226394509500014,0.530679307581583,-0.321659674375217,-0.234259772168185,26237,0,0,1,0,0
"34",-0.321659674375217,-0.234259772168185,-0.0357816889823267,-0.180811592015483,-1.10934694669577,-0.0977856684189897,-0.0964106655294967,0.414100958564742,-0.321659674375217,-0.234259772168185,25542,0,0,1,0,1
"35",-0.321659674375217,-0.234259772168185,0.0160419766873941,-0.0255603918620035,-0.572351713958246,-0.220458191895515,0.00673571811874997,0.322410122259361,-0.321659674375217,-0.234259772168185,24349,0,0,1,0,1
"36",-0.321659674375217,-0.234259772168185,0.143801708025942,-0.183583934875367,-0.857842850350348,-0.0314554312991151,0.0720509829994579,-0.0613815211331627,-0.321659674375217,-0.234259772168185,26956,0,0,1,0,0
"37",-0.321659674375217,-0.234259772168185,-0.00231223823729875,-0.355469192188148,-0.823855810303669,0.305915350036464,-0.145235442742303,0.369565409502128,-0.321659674375217,-0.234259772168185,26502,0,0,1,0,0
"38",-0.321659674375217,-0.234259772168185,0.0516707468353271,-0.316656392149778,-1.06176509063042,0.480832539043701,-0.0935005794704552,0.308001562268515,-0.321659674375217,-0.234259772168185,25355,0,0,1,0,1
"39",-0.321659674375217,-0.234259772168185,0.0480718811638188,-0.55230553523988,-1.00738582655573,0.345781785988821,-0.156875786978469,0.281804180466978,-0.321659674375217,-0.234259772168185,23906,0,0,1,0,1
"40",-0.321659674375217,-0.234259772168185,0.101694979669294,-0.588345992418367,-1.27928214692916,-0.488681621793386,-0.0760400631162066,-0.194988168321004,-0.321659674375217,-0.234259772168185,26075,0,0,1,0,0
"41",0.0952669760114237,-0.234259772168185,-0.0271444113707066,0.880995723319921,-0.762679138219647,-1.16197194375536,0.262499948418948,-0.777879913405212,0.0952669760114237,-0.234259772168185,21601,0,0,1,0,0
"42",-0.321659674375217,-0.234259772168185,-0.0203065665948408,0.57603800873273,-0.74228691419164,-0.00234525001484593,0.152563363966271,0.00280206428060393,-0.321659674375217,-0.234259772168185,26418,0,0,1,0,0
"43",0.595578956475393,-0.234259772168185,-0.0253449785349525,0.950304294817011,-0.0965331533047426,-0.0809683496125352,0.270906863700623,-1.39089864756119,0.595578956475393,-0.234259772168185,13377,0,0,1,0,0
"44",-0.321659674375217,-0.234259772168185,-0.337006745687579,-0.555077878099764,2.68360672251358,1.15343992420135,-0.410699959905972,-0.264411230095078,-0.321659674375217,-0.234259772168185,18398,0,0,1,0,1
"45",-0.321659674375217,-0.234259772168185,-0.456129199414507,-0.22516907777362,-0.0965331533047426,1.10213429677658,-0.420400246769444,0.116760675117292,-0.321659674375217,-0.234259772168185,21545,0,0,1,0,0
"46",-0.321659674375217,-0.234259772168185,-0.385591432252942,-0.280615934971291,-0.74228691419164,0.752299918762107,-0.390329357492682,0.043408006072987,-0.321659674375217,-0.234259772168185,22964,0,0,1,0,0
"47",-0.321659674375217,-0.234259772168185,-0.134030721814506,-0.128137077677695,-0.796666178266326,-0.722843578575646,-0.160755901723857,-0.00374728116978041,-0.321659674375217,-0.234259772168185,0,0,0,1,0,1
"48",-0.321659674375217,-0.234259772168185,-0.0987618382337237,-0.241803134932921,-0.558756897939574,-0.374460441270359,-0.166252730946491,-0.0273249247911643,-0.321659674375217,-0.234259772168185,20471,0,0,1,0,1
"49",-0.321659674375217,-0.234259772168185,-0.0580946561456789,0.759012637485045,-1.33366141100385,-2.07608285634174,0.195244626165546,-0.755612138873905,-0.321659674375217,-0.234259772168185,0,0,0,1,0,0
"50",-0.154889014220561,-0.234259772168185,-0.00267212480444957,1.44932600959605,-0.980196194518391,-1.6886869540895,0.411561023220959,-1.25336239310312,-0.154889014220561,-0.234259772168185,16525,0,0,1,0,0
"51",3.51406550918188,-0.234259772168185,-0.0948030859950644,2.20617561034426,0.256932063180717,-1.14097163702242,0.486899917860588,-1.61226652378418,3.51406550918188,-0.234259772168185,1721,0,0,1,0,0
"52",1.26266159709402,-0.234259772168185,-0.0674517068916006,0.822776523262366,2.16700371380406,-0.607939461248296,0.198478055120036,-0.5067370117593,1.26266159709402,-0.234259772168185,0,0,0,1,0,0
"53",-0.321659674375217,-0.234259772168185,-0.0606138621157346,0.720199837446674,-0.687907650116954,-1.98576446397002,0.157736850293456,-0.324665208238614,-0.321659674375217,-0.234259772168185,18473,0,0,1,0,1
"54",-0.321659674375217,-0.234259772168185,-0.381272793447132,0.753467951765277,-1.14333398674245,-1.37863364492684,-0.0847703212933309,-1.29658807307565,-0.321659674375217,-0.234259772168185,13138,0,0,1,0,1
"55",-0.321659674375217,-0.234259772168185,-0.412582924789255,-0.333290449309079,-0.864640258359684,0.711750546005426,-0.412640017278667,-0.196298037411081,-0.321659674375217,-0.234259772168185,21003,0,0,1,0,0
"56",-0.321659674375217,-0.234259772168185,-0.268988184496071,-0.183583934875367,-0.986993602527727,0.0427285790704743,-0.254525341404082,-0.263101361005001,-0.321659674375217,-0.234259772168185,22707,0,0,1,0,0
"57",-0.321659674375217,-0.234259772168185,-0.279065008376294,-0.178039249155599,-1.15013139475179,-0.966395916417348,-0.271015829071983,-0.532934393560837,-0.321659674375217,-0.234259772168185,21502,0,0,1,0,0
"58",-0.321659674375217,-0.234259772168185,-0.328369468075959,0.329299494203093,-0.0829383372860712,-1.46656175848343,-0.140385299310567,-0.6992877680006,-0.321659674375217,-0.234259772168185,20660,0,0,1,0,0
"59",-0.321659674375217,-0.234259772168185,-0.59900416657339,-0.751914221151497,-0.946209154471713,0.610505164764536,-0.674871105487846,-0.802767426116673,-0.321659674375217,-0.234259772168185,14319,0,0,1,0,1
"60",-0.321659674375217,-0.234259772168185,-0.527386739710373,-0.338835135028846,-0.572351713958246,-0.688269902856793,-0.501559313527155,-0.758231877054059,-0.321659674375217,-0.234259772168185,18956,0,0,1,0,0
"61",-0.321659674375217,-0.234259772168185,-0.568053921798418,-1.4588616504218,0.222945023134038,0.899899635596422,-0.954886052946722,-0.33907376822946,-0.321659674375217,-0.234259772168185,19127,0,0,1,0,0
"62",-0.221597278282423,-0.234259772168185,-0.566974262096965,0.157414236890312,-1.06176509063042,0.0276186022748272,-0.424280361514833,-1.39744799301157,-0.221597278282423,-0.234259772168185,15732,0,0,1,0,0
"63",0.58724042346766,8.31960601812869,-0.89914956357719,0.767329666064696,0.0462124148913081,-0.553304516902453,-0.611172555084383,-1.34112362213827,0.58724042346766,8.31960601812869,6477,0,0,1,0,1
"64",-0.321659674375217,4.26548665373131,-0.686456602391044,1.23585560938502,-1.23849769887315,-1.96928861356572,-0.247088454808754,-0.749062793423521,-0.321659674375217,4.26548665373131,11212,0,0,1,0,1
"65",-0.321659674375217,0.0809398566991708,-0.56049630388825,0.806142466103065,-1.13653657873311,-1.94222724269442,-0.245471740331508,-0.467440939056993,-0.321659674375217,0.0809398566991708,17162,0,0,1,0,0
"66",-0.321659674375217,-0.234259772168185,-0.648308626273055,-2.168581422552,-0.0489512972393925,0.0125086254791801,-1.34710098512642,-0.515906095389838,-0.321659674375217,-0.234259772168185,16524,0,0,1,0,0
"67",-0.321659674375217,-0.234259772168185,-0.821054178505458,-1.35628496460611,-0.837450626322341,0.355940470953126,-1.07225952399473,-1.41578616027265,-0.321659674375217,-0.234259772168185,16423,0,0,1,0,0
"68",-0.321659674375217,-0.234259772168185,-0.867839432235067,-0.743597192571846,-0.477188001827545,0.325635150261291,-0.960706225064805,-0.445173164525686,-0.321659674375217,-0.234259772168185,16297,0,0,1,0,0
"69",-0.113196349181897,-0.234259772168185,-1.06757647700378,0.387518694260647,2.98269267492436,-0.69450170119624,-0.806795006831058,0.566045773013659,-0.113196349181897,-0.234259772168185,5132,1,0,0,1,0
"70",-0.321659674375217,-0.234259772168185,-1.20541303222255,-1.46440633614157,-0.137317601360757,0.525138064224158,-1.46803122802436,0.708821503832038,-0.321659674375217,-0.234259772168185,8433,1,0,0,0,0
"71",-0.113196349181897,-0.234259772168185,-0.257111927780093,2.03706269589137,-0.810260994284997,-1.72172402199862,0.310354696945407,-1.27039069127412,-0.113196349181897,-0.234259772168185,4688,1,0,0,0,1
"72",0.720656951591385,-0.234259772168185,-0.584968590454507,0.678614694548421,0.311311327255403,0.850472084383542,-0.29914666097605,0.0237599697218337,0.720656951591385,-0.234259772168185,8597,1,0,0,0,0
"73",-0.321659674375217,-0.234259772168185,-0.571652787469926,-0.513492735201511,-0.0149642571927138,0.923290221144486,-0.591448638461991,-0.374440233661535,-0.321659674375217,-0.234259772168185,11170,1,0,0,0,0
"74",0.0535743109727596,-0.234259772168185,-0.697972972539871,1.29130246658269,0.501638751516804,-1.22258258513903,-0.235448110572588,-0.434694211805072,0.0535743109727596,-0.234259772168185,7711,1,0,0,0,0
"75",-0.321659674375217,-0.234259772168185,-0.708769569554396,0.243356865546702,-0.348037249650166,-0.695184638000563,-0.48959562639554,-0.445173164525686,-0.321659674375217,-0.234259772168185,11642,1,0,0,0,0
"76",-0.321659674375217,-0.234259772168185,-0.730362763583446,0.442965551458319,0.365690591330089,-0.905870642134219,-0.471165081354945,0.370875278592205,-0.321659674375217,-0.234259772168185,11064,1,0,0,0,1
"77",-0.321659674375217,-0.234259772168185,-0.433816232251155,-0.926571821324161,-0.531567265902231,-1.25015615861357,-0.605999068757198,0.0394783988027562,-0.321659674375217,-0.234259772168185,13339,1,0,0,0,0
"78",-0.321659674375217,-0.234259772168185,-0.100201384502327,0.0576098939345034,-0.001369441174042,-0.920297682125543,-0.0285086574851964,0.0722251260546782,-0.321659674375217,-0.234259772168185,15963,1,0,0,0,0
"79",-0.321659674375217,-0.234259772168185,0.342459093093205,0.110284408272291,0.875496192030271,0.721140927064868,0.355622702308274,0.241198238674595,-0.321659674375217,-0.234259772168185,19180,1,0,0,0,0
"80",1.92974423771264,-0.234259772168185,0.0164018632545449,2.18954155318496,0.467651711470126,-1.65786943079442,0.575495871213627,-1.59130861834295,1.92974423771264,-0.234259772168185,6227,1,0,0,0,0
"81",-0.321659674375217,-0.234259772168185,-0.471244435234842,-0.555077878099764,0.28412169521806,1.16069612774728,-0.541653832562837,0.987823620018412,-0.321659674375217,-0.234259772168185,15277,1,0,0,0,0
"82",-0.321659674375217,-0.234259772168185,-0.555098005380988,-0.696467363953826,-0.212089089463451,0.483649653361533,-0.650297045433718,0.556876689383121,-0.321659674375217,-0.234259772168185,15389,1,0,0,0,1
"83",-0.321659674375217,-0.234259772168185,-0.409703832252049,-0.30279467785036,-0.905424706415698,-1.18288688338775,-0.390006014597233,-0.842063498818979,-0.321659674375217,-0.234259772168185,9609,1,0,0,0,1
"84",-0.321659674375217,-0.234259772168185,-0.670981480003558,-1.18439970729333,2.82635229070963,1.17563537034185,-0.876313729352603,0.0971126387661385,-0.321659674375217,-0.234259772168185,11515,1,0,0,0,0
"85",-0.321659674375217,-0.234259772168185,-0.687536262092496,0.25721857984612,0.821116927955584,-0.389485050965465,-0.517726458299608,0.894822914622954,-0.321659674375217,-0.234259772168185,14007,1,0,0,0,0
"86",-0.321659674375217,-0.234259772168185,-0.58172961135015,-0.078234906199791,0.345298367302082,-1.27619312427838,-0.519989858567751,0.715370849282423,-0.321659674375217,-0.234259772168185,14969,1,0,0,0,0
"87",-0.321659674375217,-0.234259772168185,-0.173618244201098,0.473461322917038,0.433664671423447,-1.97295939888896,-0.0501726314802826,0.712751111102269,-0.321659674375217,-0.234259772168185,13084,1,0,0,0,0
"88",-0.321659674375217,-0.234259772168185,0.0235995945975617,0.124146122571709,-0.205291681454115,-1.91029994709232,0.0908048709355027,0.309311431358592,-0.321659674375217,-0.234259772168185,14710,1,0,0,0,0
"89",-0.321659674375217,-0.234259772168185,0.0998955468335396,0.487323037216455,0.753142847862227,-1.1305568507565,0.252476318660027,0.04209813698291,-0.321659674375217,-0.234259772168185,17295,1,0,0,0,0
"90",-0.321659674375217,-0.234259772168185,0.236292555783708,0.559403951573428,-0.0489512972393925,-1.810249705259,0.379873419466953,0.162606093269982,-0.321659674375217,-0.234259772168185,17450,1,0,0,0,0
"91",-0.321659674375217,-0.234259772168185,0.160716376682031,-0.222396734913737,0.0869968629473229,-1.05833628369934,0.046830237154432,0.837188674659571,-0.321659674375217,-0.234259772168185,19301,1,0,0,0,0
"92",-0.321659674375217,-0.234259772168185,0.0977362274306345,-0.288932963550942,0.277324287208724,-0.393838773093025,-0.00522796901286486,0.453397031267048,-0.321659674375217,-0.234259772168185,19247,1,0,0,0,1
"93",0.512193626398065,-0.234259772168185,-0.433096459116853,1.92616898149602,0.426867263414111,-0.567560822692697,0.121522446003162,-1.50223752021772,0.512193626398065,-0.234259772168185,2596,1,0,0,0,0
"94",0.26203763616608,-0.234259772168185,-0.561935850156854,1.04179160919317,2.13981408176672,-1.177081920551,-0.188563390732476,-0.31811586278823,0.26203763616608,-0.234259772168185,11520,1,0,0,0,0
"95",-0.0715036841432327,-0.234259772168185,-0.777148017313055,-0.0948689633590924,0.0122253748446295,0.319488719022384,-0.688451507096706,-0.74513318615329,-0.0715036841432327,-0.234259772168185,6666,1,0,0,0,1
"96",-0.321659674375217,-0.234259772168185,-0.460447838220317,0.126918465431592,-1.10254953868644,-1.01821374644536,-0.444650963928123,1.03497890726118,-0.321659674375217,-0.234259772168185,19082,1,0,0,0,0
"97",0.0952669760114237,-0.234259772168185,0.159276830413428,-0.760231249731147,2.78556784265362,0.414758403225447,-0.0902671505159648,0.51103127123043,0.0952669760114237,-0.234259772168185,16696,1,0,0,0,0
"98",-0.321659674375217,-0.234259772168185,0.00488549310571808,-0.333290449309079,2.09223222570137,-0.187335756885847,-0.146528814324099,1.47247518334685,-0.321659674375217,-0.234259772168185,0,1,0,0,0,0
"99",-0.321659674375217,-0.234259772168185,0.0189210692246008,-1.72777890783051,1.38530179273045,0.948132047401736,-0.671314333637906,1.43317911064455,-0.321659674375217,-0.234259772168185,22729,1,0,0,0,0
"100",-0.321659674375217,-0.234259772168185,0.127966699071305,-2.4042305656421,-0.531567265902231,1.17776954785536,-0.89442093149775,-0.122945368366776,-0.321659674375217,-0.234259772168185,23240,1,0,0,0,0
"101",0.428808296320736,-0.234259772168185,-0.278345235241992,1.11664486641002,0.168565759059352,-0.0700413607433663,0.0355132358137154,-1.32671506214742,0.428808296320736,-0.234259772168185,6980,1,0,0,0,1
"102",-0.321659674375217,-0.234259772168185,-0.293460471062328,0.620395494490866,0.997849536198314,-0.249653740280324,-0.045645830943996,0.480904282158662,-0.321659674375217,-0.234259772168185,10207,1,0,0,0,1
"103",-0.321659674375217,-0.234259772168185,-0.119275372561321,-0.965384621362531,-0.205291681454115,0.84756960296517,-0.430100533632915,1.46330609971632,-0.321659674375217,-0.234259772168185,23198,1,0,0,0,0
"104",-0.321659674375217,-0.234259772168185,-0.000152918834393686,-1.42836587896309,0.141376127022009,0.407843668081676,-0.476661910577578,1.36375604887047,-0.321659674375217,-0.234259772168185,22234,1,0,0,0,0
"105",-0.321659674375217,-0.234259772168185,-0.0372212352509302,-1.52817022191889,0.352095775311417,0.153278974270266,-0.576251522375886,1.50260217241862,-0.321659674375217,-0.234259772168185,21670,1,0,0,0,0
"106",-0.321659674375217,-0.234259772168185,0.0844204244460535,-1.38678073606483,0.324906143274074,-0.532048108867899,-0.42169361835124,1.14500791082764,-0.321659674375217,-0.234259772168185,17730,1,0,0,0,0
"107",-0.321659674375217,-0.234259772168185,0.453664042342814,-0.837856849807887,-0.660718018079611,-1.29744953231294,0.107618701498853,1.1869237217101,-0.321659674375217,-0.234259772168185,22593,1,0,0,0,0
"108",-0.321659674375217,-0.234259772168185,0.505487708012535,-1.53371490763866,0.168565759059352,-0.266897894589481,-0.321133977866586,1.64013842687669,-0.321659674375217,-0.234259772168185,24404,1,0,0,0,1
"109",0.804042281668713,-0.234259772168185,0.278399284140356,-0.38873730650675,-1.07535990664909,0.319488719022384,0.112468844930589,-1.11713600773512,0.804042281668713,-0.234259772168185,6852,1,0,0,0,1
"110",4.7648454603418,-0.234259772168185,-0.292380811360875,2.35588212477798,0.787129887908906,-1.43813451400348,0.342042300699414,-1.44460328025434,4.7648454603418,-0.234259772168185,977,1,0,0,0,0
"111",-0.0715036841432327,-0.234259772168185,-0.0530562442055671,0.454054922897852,-0.511175041874224,1.05612142958532,0.0953316714717894,-0.455652117246302,-0.0715036841432327,-0.234259772168185,20144,1,0,0,0,0
"112",-0.321659674375217,-0.234259772168185,0.124007946832646,-1.30361045026833,-0.416011329743524,0.937034324331487,-0.373838869824781,1.4868837433377,-0.321659674375217,-0.234259772168185,26285,1,0,0,0,0
"113",-0.321659674375217,-0.234259772168185,0.196705033397115,-0.55230553523988,0.236539839152709,-0.137908205672968,-0.0104014553400496,1.08082432541387,-0.321659674375217,-0.234259772168185,25670,1,0,0,0,0
"114",-0.321659674375217,-0.234259772168185,0.238811761753763,-0.444184163704421,-0.035356481220721,-0.895797324270455,0.0872480990855632,1.21574084169179,-0.321659674375217,-0.234259772168185,25861,1,0,0,0,0
"115",-0.321659674375217,-0.234259772168185,0.23305357667935,-0.524582106641045,0.488043935498132,-0.552706947198671,-0.0104014553400496,1.62703973597593,-0.321659674375217,-0.234259772168185,24940,1,0,0,0,1
"116",-0.321659674375217,-0.234259772168185,0.264363708021473,-1.01528679284044,0.28412169521806,-0.348850311108245,-0.121631411374523,1.42531989610409,-0.321659674375217,-0.234259772168185,25349,1,0,0,0,1
"117",-0.321659674375217,-0.234259772168185,0.52024305726572,0.13246315115136,-0.225683905482122,-1.90056809763072,0.518587521614595,0.932809118235183,-0.321659674375217,-0.234259772168185,25462,1,0,0,0,0
"118",0.678964286552721,-0.234259772168185,0.281638263244713,2.03429035303148,0.216147615124702,-1.9104706812934,0.786638781941856,-1.46032170933526,0.678964286552721,-0.234259772168185,7448,1,0,0,0,0
"119",-0.238274344297889,-0.234259772168185,-0.154904142709254,0.437420865738551,1.72517219319724,0.74419004421077,0.0122325473413838,-0.18843882287062,-0.238274344297889,-0.234259772168185,21027,1,0,0,0,0
"120",1.512817587326,-0.234259772168185,0.354695236376334,1.70715389556522,-1.02098064257441,-0.410997560301641,0.773381723228445,-0.564371251722682,1.512817587326,-0.234259772168185,14556,1,0,0,0,1
"121",-0.321659674375217,-0.234259772168185,0.533918746817452,0.287714351304839,-0.851045442341012,0.575590020643522,0.522144293464534,0.534608914851814,-0.321659674375217,-0.234259772168185,28140,1,0,0,0,0
"122",-0.321659674375217,-0.234259772168185,0.229814597574992,0.495640065796106,0.8619013760116,-0.661806101689275,0.364029617589949,1.69122332138969,-0.321659674375217,-0.234259772168185,0,1,0,0,0,0
"123",2.30497822306062,-0.234259772168185,0.121848627429741,1.78477949564196,-1.21130806683581,-2.04458239624234,0.574202499631831,-1.6109566546941,2.30497822306062,-0.234259772168185,3034,1,0,0,0,1
"124",-0.321659674375217,-0.234259772168185,0.4259527766722,0.933670237657709,-0.545162081920903,-2.16921836303129,0.638224392930743,0.729779409273268,-0.321659674375217,-0.234259772168185,27793,1,0,0,0,0
"125",-0.321659674375217,-0.234259772168185,0.853138131880246,-0.128137077677695,-1.05496768262108,-1.29565682320159,0.67670219748918,0.990443358198565,-0.321659674375217,-0.234259772168185,28478,1,0,0,0,0
"126",3.38898751406589,-0.234259772168185,0.830105391582592,2.14795641028671,0.120983902994002,-1.95904456150088,1.29073035594692,-1.57428032017195,3.38898751406589,-0.234259772168185,6416,1,0,0,0,0
"127",6.55763005700436,-0.234259772168185,0.719260328900134,2.49449926777215,-0.912222114425034,-1.37701167001657,1.26938972484729,-1.26515121491381,6.55763005700436,-0.234259772168185,3521,1,0,0,0,0
"128",0.303730301204744,-0.234259772168185,0.352895803540579,2.05092441019078,-0.687907650116954,-0.687245497650308,0.850337332345319,-1.04509320778089,0.303730301204744,-0.234259772168185,16087,1,0,0,0,0
"129",-0.321659674375217,-0.234259772168185,0.384925708017004,-0.751914221151497,-0.307252801594151,1.17452559803482,0.140276333939207,2.03178928480968,-0.321659674375217,-0.234259772168185,30994,1,0,0,0,1
"130",-0.321659674375217,-0.234259772168185,0.367291266226613,-1.63351925059447,-0.551959489930239,1.18220863708346,-0.268429085908391,0.1049718533066,-0.321659674375217,-0.234259772168185,27829,1,0,0,0,1
"131",0.428808296320736,-0.234259772168185,0.465180412491641,0.138007836871127,-1.0957521306771,-0.553048415600832,0.685432455666304,-0.36003167367069,0.428808296320736,-0.234259772168185,13790,1,0,0,1,0
"132",0.512193626398065,-0.234259772168185,0.401120603538792,0.240584522686818,1.58922403301053,0.470759221179936,0.381166791048749,2.04095836844022,0.512193626398065,-0.234259772168185,27674,1,0,0,0,0
"133",-0.321659674375217,-0.234259772168185,0.444666878164043,-0.751914221151497,0.868698784020935,0.369257738637425,0.145449820266392,1.75540690680346,-0.321659674375217,-0.234259772168185,28781,1,0,0,0,0
"134",-0.321659674375217,-0.234259772168185,0.748771027406503,-0.541216163800346,-0.504377633864888,-0.564060771570541,0.4487454561976,1.73444900136223,-0.321659674375217,-0.234259772168185,28079,1,0,0,0,1
"135",-0.321659674375217,-0.234259772168185,0.671755302036223,-1.08182302147764,0.324906143274074,0.276122231947871,0.267350091850684,0.458636507627356,-0.321659674375217,-0.234259772168185,28991,1,0,0,0,1
"136",-0.238274344297889,-0.234259772168185,0.753809439346614,0.534452865834476,0.236539839152709,-0.614512727989905,0.729083746551926,-0.0364940084217025,-0.238274344297889,-0.234259772168185,24355,1,0,0,0,0
"137",-0.321659674375217,-0.234259772168185,0.667436663230413,0.756240294625161,0.0801994549379868,-0.977408272387057,0.805069326982452,1.05462694361233,-0.321659674375217,-0.234259772168185,30372,1,0,0,0,0
"138",-0.321659674375217,-0.234259772168185,0.941310340832201,-0.549533192379997,0.372487999339425,0.358928319472039,0.609446875235778,1.87591486309053,-0.321659674375217,-0.234259772168185,31928,0,1,0,0,0
"139",-0.321659674375217,-0.234259772168185,0.941670227399352,-1.14558690725496,-0.0557487052487282,0.843813450541393,0.358532788367315,1.77636481224469,-0.321659674375217,-0.234259772168185,29761,0,1,0,0,1
"140",-0.321659674375217,-0.234259772168185,0.870052800536335,-0.713101421113127,0.0530098229006439,0.507296340211218,0.530227865850761,0.983894012748181,-0.321659674375217,-0.234259772168185,33257,0,1,0,0,0
"141",-0.321659674375217,-0.234259772168185,0.929074197549073,-0.410916049385818,0.00542796683529374,-0.0507483960212409,0.659888366925829,1.40567185975293,-0.321659674375217,-0.234259772168185,33424,0,1,0,0,0
"142",-0.321659674375217,-0.234259772168185,0.888047128893877,0.13246315115136,0.590005055638169,-0.805649666099814,0.832230130200172,1.70039240502023,-0.321659674375217,-0.234259772168185,30498,0,1,0,1,0
"143",-0.321659674375217,-0.234259772168185,0.819308794568067,0.725744523166442,0.352095775311417,-1.53468470471465,0.915329254330578,1.36506591796055,-0.321659674375217,-0.234259772168185,32002,0,1,0,0,0
"144",-0.321659674375217,-0.234259772168185,0.771443881137005,0.67029766596877,0.549220607582154,-0.752636696664239,0.879438192935734,0.642018180238118,-0.321659674375217,-0.234259772168185,35103,0,1,0,0,0
"145",-0.279967009336553,-0.234259772168185,0.939151021429296,0.193454694068798,-0.558756897939574,-0.405619432967597,0.850984018136217,0.867315663731339,-0.279967009336553,-0.234259772168185,25911,0,1,0,0,1
"146",-0.279967009336553,-0.234259772168185,0.733655791586167,0.115829093992058,-0.56555430594891,1.17606220584455,0.698689514379715,-0.1046072011057,-0.279967009336553,-0.234259772168185,29342,0,1,0,0,1
"147",0.0118816459340955,-0.234259772168185,0.669236096066167,0.332071837062976,-0.497580225855552,1.00353529565244,0.698042828588817,-0.307636910067615,0.0118816459340954,-0.234259772168185,24832,0,1,0,0,0
"148",-0.238274344297889,-0.234259772168185,0.722859194571642,0.523363494394942,-0.103330561314078,1.13278108587058,0.779201895346528,1.28778364164602,-0.238274344297889,-0.234259772168185,34544,0,1,0,0,0
"149",-0.321659674375217,-0.234259772168185,0.791597528897452,0.354250579942045,-0.436403553771531,0.107180739978461,0.816709671218618,0.279184442286824,-0.321659674375217,-0.234259772168185,36149,0,1,0,0,0
"150",2.0965148978673,-0.234259772168185,0.763886263226838,1.06397035207224,-1.00738582655573,-0.625439716859074,0.978704461838592,-0.429454735444764,2.0965148978673,-0.234259772168185,23818,0,1,0,0,0
"151",1.0541982719007,-0.234259772168185,0.781520705017229,0.157414236890312,-0.524769857892895,0.895289812167241,0.726497003388333,1.31267115435748,1.0541982719007,-0.234259772168185,33492,0,1,0,0,0
"152",-0.321659674375217,-0.234259772168185,0.819668681135218,-0.283388277831175,-0.409213921734188,0.938058729537971,0.63563764976715,1.89163329217145,-0.321659674375217,-0.234259772168185,34360,0,1,0,0,1
"153",-0.321659674375217,-0.234259772168185,0.844860740835777,0.185137665489147,0.0462124148913081,-0.436863791765376,0.806686041459697,0.52805956940143,-0.321659674375217,-0.234259772168185,35349,0,1,0,0,0
"154",-0.321659674375217,-0.234259772168185,0.853857905014548,0.589899723032147,1.2425562245344,-1.1536059679024,0.923412826716804,1.42793963428424,-0.321659674375217,-0.234259772168185,34639,0,1,0,0,0
"155",-0.321659674375217,-0.234259772168185,0.935552155757788,0.17127595118973,0.698763583787541,-0.547670288266788,0.849367303658972,1.91128132852261,-0.321659674375217,-0.234259772168185,34621,0,1,0,0,0
"156",-0.321659674375217,-0.234259772168185,1.02588368411265,-0.696467363953826,0.00542796683529374,-0.245214651052224,0.55415524011399,1.80518193222638,-0.321659674375217,-0.234259772168185,34079,0,1,0,0,0
"157",-0.321659674375217,-0.234259772168185,1.01580686023243,-0.718646106832894,0.352095775311417,0.219438477189059,0.635314306871701,1.12274013629633,-0.321659674375217,-0.234259772168185,31949,0,1,0,0,1
"158",-0.321659674375217,-0.234259772168185,1.06547120649924,0.248901551266469,0.290919103227396,-1.14267897903323,0.940873343071053,1.58250418691331,-0.321659674375217,-0.234259772168185,27028,0,1,0,0,1
"159",-0.321659674375217,-0.234259772168185,1.20150832888226,0.00493537959671583,-0.946209154471713,-1.07797071682362,1.01168543717439,0.893513045532877,-0.321659674375217,-0.234259772168185,32702,0,1,0,0,0
"160",5.64039142615375,-0.234259772168185,0.871852233372089,1.71269858128499,0.814319519946249,-1.98584983107056,1.20924794629376,-1.61488626196433,5.64039142615375,-0.234259772168185,5200,0,1,0,0,0
"161",1.88805157267398,-0.234259772168185,0.913599075161587,1.66834109552685,-0.912222114425034,-0.921236720231488,1.25839606640202,-0.564371251722682,1.88805157267398,-0.234259772168185,21647,0,1,0,0,0
"162",0.887427611746041,-0.234259772168185,0.996732872173431,1.6433900097879,-1.32686400299452,-1.67895510462789,1.33082487498261,-0.63641405167691,0.887427611746042,-0.234259772168185,20479,0,1,0,0,1
"163",6.43255206188837,-0.234259772168185,0.795916167703262,2.33370338189891,-1.53758365128392,-1.00225009864431,1.30560412913758,-1.51009673475818,6.43255206188837,-0.234259772168185,3231,0,1,0,0,1
"164",4.80653812538047,-0.234259772168185,0.831544937851196,2.46400349631344,-1.51719142725592,-0.7529781650664,1.36380585031841,-1.16429129497789,4.80653812538047,-0.234259772168185,5240,0,1,0,0,0
"165",-0.27162847632882,-0.234259772168185,1.23569755276159,1.13882360928909,-1.53758365128392,0.756995109291827,1.38676319589529,1.21312110351163,-0.27162847632882,-0.234259772168185,29293,0,1,0,0,0
"166",-0.321659674375217,-0.234259772168185,1.26556813783511,0.728516866026325,-0.110127969323414,0.912619333576939,1.32662141734177,1.15417699445817,-0.321659674375217,-0.234259772168185,31781,0,1,0,0,0
"167",-0.321659674375217,-0.234259772168185,0.971900699040023,0.00216303673683196,0.202552799106031,1.18220863708346,0.873618020817651,0.289663395007439,-0.321659674375217,-0.234259772168185,33676,0,1,0,0,0
"168",-0.321659674375217,-0.234259772168185,0.945988866205162,-0.441411820844538,-0.24607612951013,1.17563537034185,0.701922943334206,1.79470297950577,-0.321659674375217,-0.234259772168185,31076,0,1,0,0,1
"169",-0.321659674375217,-0.234259772168185,0.88048951098371,-0.519037420921277,-0.334442433631494,1.16078149484782,0.620440533681045,1.35720670342009,-0.321659674375217,-0.234259772168185,30080,0,1,0,0,1
"170",1.47112492228734,-0.234259772168185,0.909640322922928,1.91507961005649,-1.73470848355466,0.0882292436584967,1.31465773021015,-1.00841687325874,1.47112492228734,-0.234259772168185,20641,0,1,0,0,0
"171",-0.0298110191045686,-0.234259772168185,1.19287105127064,1.70438155270534,-0.674312834098282,-0.830491492357064,1.50963349616593,-0.639033789857064,-0.0298110191045686,-0.234259772168185,24135,0,1,0,0,0
"172",-0.321659674375217,-0.234259772168185,1.2400161915674,1.16100235216816,0.209350207115367,0.346208621491522,1.42200757149924,0.259536405935671,-0.321659674375217,-0.234259772168185,30088,0,1,0,0,0
"173",-0.321659674375217,-0.234259772168185,1.3044358870874,0.783963723223997,0.168565759059352,0.412624225711938,1.36994936533194,1.0336690381711,-0.321659674375217,-0.234259772168185,25814,0,1,0,0,1
"174",-0.321659674375217,-0.234259772168185,1.37461376768181,0.395835722840298,-0.0149642571927135,0.613151544881288,1.30075398570584,1.70956148865077,-0.321659674375217,-0.234259772168185,26823,0,1,0,0,0
"175",-0.321659674375217,-0.234259772168185,1.33214715275801,0.454054922897852,-0.531567265902231,-0.859601673641334,1.28685024120154,1.50915151786901,-0.321659674375217,-0.234259772168185,27896,0,1,0,0,0
"176",-0.321659674375217,-0.234259772168185,1.36021830499578,0.390291037120531,-0.00816684918337773,-0.188872364695574,1.2832934693516,1.85757669582945,-0.321659674375217,-0.234259772168185,27820,0,1,0,0,0
"177",-0.321659674375217,-0.234259772168185,1.4332752781274,0.334844179922859,-0.483985409836881,-0.177603907424244,1.33179490366895,1.58643379418354,-0.321659674375217,-0.234259772168185,26699,0,1,0,0,0
"178",-0.321659674375217,-0.234259772168185,1.53044465125812,-0.208535020614319,-0.416011329743523,0.334684062918571,1.21765486157544,1.70301214320038,-0.321659674375217,-0.234259772168185,21283,0,1,0,0,1
"179",-0.321659674375217,-0.234259772168185,1.50993111693053,0.451282580037969,1.18817696045972,0.13859583297732,1.46016203316223,0.0971126387661388,-0.321659674375217,-0.234259772168185,25918,0,1,0,0,0
"180",-0.321659674375217,-0.234259772168185,1.48437917066282,0.70079343742749,-0.47039059381821,-0.68084296510978,1.50963349616593,-0.184509215600389,-0.321659674375217,-0.234259772168185,24915,0,1,0,0,0
"181",-0.321659674375217,-0.234259772168185,1.55059829901857,0.736833894605976,-0.0217616652020496,-0.960676320681143,1.56686518866041,0.742878100174037,-0.321659674375217,-0.234259772168185,23275,0,1,0,0,0
"182",0.303730301204744,-0.234259772168185,1.46926393484248,1.19149812362688,-0.78986877025699,-0.83399154347922,1.63185711064567,-0.527694917200529,0.303730301204744,-0.234259772168185,16880,0,1,0,0,1
"183",-0.321659674375217,-0.234259772168185,1.59054570797232,-0.313884049289894,-0.783071362247654,1.04775545373236,1.24222892162957,1.14107830355741,-0.321659674375217,-0.234259772168185,18190,0,1,0,0,1
"184",-0.321659674375217,-0.234259772168185,1.70283031692338,-0.582801306698599,-0.558756897939574,1.16948893910294,1.25774938061112,1.42531989610409,-0.321659674375217,-0.234259772168185,22897,0,1,0,0,0
"185",-0.321659674375217,-0.234259772168185,1.80791719453142,-0.330518106449195,-0.307252801594151,0.56628500668462,1.44464157418067,0.649877394778579,-0.321659674375217,-0.234259772168185,20693,0,1,0,0,0
"186",-0.321659674375217,-0.234259772168185,1.76221160050327,-0.150315820556764,0.10738908697533,0.177950066326435,1.467922262653,0.978654536387874,-0.321659674375217,-0.234259772168185,20794,0,1,0,0,0
"187",-0.154889014220561,-0.234259772168185,1.47034359454393,0.986344751995496,1.51445254490783,-0.0295773550872266,1.56848190313766,0.917090689154261,-0.154889014220561,-0.234259772168185,17415,0,1,0,0,1
"188",0.220344971127416,-0.234259772168185,1.54735931991421,0.886540409039688,-0.198494273444779,-0.267836932695425,1.60922310796424,0.555566820293044,0.220344971127416,-0.234259772168185,19171,0,1,0,0,0
"189",-0.321659674375217,-0.234259772168185,1.52936499155667,0.271080294145538,-0.490782817846217,0.939851438649319,1.41586405648571,0.262156144115825,-0.321659674375217,-0.234259772168185,23806,0,1,0,0,0
"190",-0.154889014220561,-0.234259772168185,1.39548718857656,1.18318109504723,-0.103330561314078,0.280134485673269,1.56815856024221,-0.328594815508845,-0.154889014220561,-0.234259772168185,21644,0,1,0,0,0
"191",-0.321659674375217,-0.234259772168185,1.53476329006394,0.21840577980775,-0.674312834098282,0.703128468850848,1.37188942270464,1.07820458723372,-0.321659674375217,-0.234259772168185,23833,0,1,0,0,0
"192",-0.321659674375217,-0.234259772168185,1.57830956468919,-0.219624392053853,-0.191696865435443,1.15531800041324,1.28555686961974,1.01533087091003,-0.321659674375217,-0.234259772168185,20009,0,1,0,0,1
"193",0.0952669760114237,-0.234259772168185,1.54448022737701,0.0825609796734554,-0.361632065668837,0.868143074195401,1.35895570688667,0.604031976625888,0.0952669760114237,-0.234259772168185,17498,0,1,0,0,1
"194",-0.238274344297889,-0.234259772168185,1.50813168409477,0.731289208886209,-0.490782817846217,-0.125103140591911,1.52321389777479,-0.174030262879774,-0.238274344297889,-0.234259772168185,22827,0,1,0,0,0
"195",-0.321659674375217,-0.234259772168185,1.61429822140427,0.0215694367560172,-0.545162081920903,1.08582918057337,1.39775685434056,0.622370143886964,-0.321659674375217,-0.234259772168185,23836,0,1,0,0,0
"196",-0.321659674375217,-0.234259772168185,1.49805486021455,-0.347152163608497,-0.157709825388765,1.1742694967332,1.16624334119904,1.47509492152701,-0.321659674375217,-0.234259772168185,25329,0,1,0,0,0
"197",-0.321659674375217,-0.234259772168185,1.18639309306192,-0.921027135604394,-0.524769857892895,1.14626908775596,0.70030622885696,1.26420599802463,-0.321659674375217,-0.234259772168185,26398,0,1,0,0,1
"198",-0.321659674375217,-0.234259772168185,1.30011724828159,-0.519037420921277,-0.817058402294333,1.14541541675055,0.937316571221113,0.80837155467788,-0.321659674375217,-0.234259772168185,24547,0,1,0,0,1
"199",-0.321659674375217,-0.234259772168185,1.39440752887511,-0.172494563435832,0.406475039386104,0.734885030251869,1.16074651197641,0.190113344161597,-0.321659674375217,-0.234259772168185,26827,0,1,0,0,0
"200",-0.321659674375217,-0.234259772168185,1.50345315872181,-0.10873067765851,-0.946209154471713,1.1059758163009,1.22606177685711,1.13321908901694,-0.321659674375217,-0.234259772168185,26072,0,1,0,0,0
"201",0.345422966243408,-0.234259772168185,1.02120515873969,1.74319435274371,1.1473925124037,0.707226089676786,1.37770959482272,-1.03854386233051,0.345422966243408,-0.234259772168185,11658,0,1,0,0,0
"202",-0.321659674375217,-0.234259772168185,1.07158927814081,0.692476408847839,1.35131475268377,0.771678250584772,1.14845948194934,0.33943842043036,-0.321659674375217,-0.234259772168185,27302,0,1,0,0,1
"203",1.30435426213268,-0.234259772168185,0.830465278149743,2.17013515316578,-1.40843289910654,-0.45351037637075,1.30269404307854,-0.756922007963982,1.30435426213268,-0.234259772168185,14435,0,1,0,0,0
"204",3.2639095189499,-0.234259772168185,1.05395483635041,1.87626681001812,1.15418992041304,0.449588180245922,1.43138451546726,-1.42364537481311,3.2639095189499,-0.234259772168185,9184,0,1,0,0,0
"205",0.4705009613594,-0.234259772168185,1.09174292590125,1.55190269541174,0.182160575078023,-0.610841942666669,1.38611651010439,-0.639033789857064,0.470500961359401,-0.234259772168185,20959,0,1,0,0,0
"206",-0.313321141367484,-0.234259772168185,1.10109997664717,0.58435503731238,-0.205291681454115,0.381123765612538,1.12388542189521,1.12012039811618,-0.313321141367485,-0.234259772168185,27817,0,1,0,0,0
"207",-0.321659674375217,-0.234259772168185,-1.31841741430792,-0.83231216408812,-0.307252801594151,0.9173998912072,-1.36229810121252,-1.00186752780836,-0.321659674375217,-0.234259772168185,9539,0,0,0,0,0
"208",0.0118816459340955,-0.234259772168185,-0.685376942689591,1.54081332397221,-0.184899457426108,-1.98166684314408,-0.164959359364695,-1.38958877847111,0.0118816459340954,-0.234259772168185,7222,0,0,0,0,1
"209",-0.313321141367484,-0.234259772168185,-1.13271594565808,-0.391509649366634,2.81275747469096,-0.123225064380023,-1.0813131250673,-0.894458262422054,-0.313321141367485,-0.234259772168185,8729,0,0,0,0,0
"210",-0.321659674375217,-0.234259772168185,-1.49152285310747,-1.46163399328169,-1.00738582655573,1.09914644825767,-1.66333033687559,-1.67121063283764,-0.321659674375217,-0.234259772168185,8307,0,0,0,0,0
"211",-0.213258745274691,0.700470161714319,-1.10248547401741,0.82554886612225,-1.68032921947997,-0.483730329962044,-0.713672252941731,-0.97959975327705,-0.213258745274691,0.700470161714319,6669,0,0,0,0,0
"212",-0.321659674375217,0.896111310666471,-1.01215394566255,0.609306123051332,-0.0557487052487282,-0.970237435941665,-0.700091851332871,-1.01758595688928,-0.321659674375217,0.896111310666471,8549,0,0,0,0,0
"213",-0.321659674375217,-0.234259772168185,-1.43682009490054,-1.10677410721659,0.202552799106031,0.920387739726113,-1.50359894652376,-0.881359571521285,-0.321659674375217,-0.234259772168185,8032,0,0,0,0,0
"214",0.0202201789418283,3.29814986169012,-1.00351666805093,0.753467951765277,0.454056895451454,-0.778417561027433,-0.624106270902345,-1.51140660384826,0.0202201789418283,3.29814986169012,3453,0,0,0,0,1
"215",-0.321659674375217,-0.234259772168185,-1.64771362325094,-1.26479765022996,3.07105897904572,1.1641108117689,-1.70665828486576,-0.865641142440363,-0.321659674375217,-0.234259772168185,5848,0,0,0,0,0
"216",-0.321659674375217,-0.234259772168185,-1.92410650682278,-1.0374655357195,0.501638751516804,1.11417105795277,-1.85830610283137,-0.893148393331977,-0.321659674375217,-0.234259772168185,5496,0,0,0,0,0
"217",-0.321659674375217,-0.234259772168185,-1.85068964712401,-1.14558690725496,0.100591678965994,1.0882194593885,-1.85377930229508,-0.8918385242419,-0.321659674375217,-0.234259772168185,6019,0,0,0,0,0
"218",-0.321659674375217,-0.234259772168185,-1.69989717548781,-1.05409959287881,-1.36764845105053,0.397855717318452,-1.68919776851151,-1.29920781125581,-0.321659674375217,-0.234259772168185,6398,0,0,0,0,0
"219",-0.321659674375217,-0.234259772168185,-1.56314027997049,-0.801816392629401,2.00386592158001,0.188279485491821,-1.55404043821381,-0.945543156935052,-0.321659674375217,-0.234259772168185,4632,0,0,0,0,1
"220",-0.321659674375217,-0.234259772168185,-1.71213331877094,-1.38123605034507,0.290919103227395,1.1609522290489,-1.80689458245497,-0.931134596944206,-0.321659674375217,-0.234259772168185,3776,0,0,0,0,1
"221",-0.0381495521123014,6.25450500141153,-1.27667057251842,1.2386279522449,-0.885032482387691,-1.6256860338907,-0.741803084845799,-1.56642110563149,-0.0381495521123015,6.25450500141153,2620,0,0,0,0,0
"222",-0.321659674375217,5.8088779399094,-1.41162803519998,-0.543988506660229,0.725953215824884,0.488088742589633,-1.32155689638594,-0.918035906043438,-0.321659674375217,5.8088779399094,4334,0,0,0,0,0
"223",-0.304982608359752,5.01544439138123,-1.47712739042144,0.473461322917038,-1.0005884185464,-0.0374311283369418,-1.08745664008083,-1.34374336031842,-0.304982608359752,5.01544439138123,4568,0,0,0,0,0
"224",-0.321659674375217,3.99376283574221,-1.17950119938769,0.978027723415846,-0.830653218313005,-1.41901228348244,-0.736306255623165,-0.978289884186974,-0.321659674375217,3.99376283574221,5734,0,0,0,0,0
"225",-0.321659674375217,0.602649587238243,-0.868199318802218,0.578810351592613,-1.18411843479846,-1.2707296298438,-0.531306859908468,-1.33719401486804,-0.321659674375217,0.602649587238243,7184,0,0,0,1,0
"226",-0.321659674375217,-0.234259772168185,-0.577051085977189,1.14436829500886,-0.925816930443705,-2.22163376276308,-0.154289043814876,-1.35422231303904,-0.321659674375217,-0.234259772168185,6624,0,0,0,0,1
"227",-0.321659674375217,-0.234259772168185,-1.28710728296579,-0.998652735681134,1.58922403301053,1.01198663860594,-1.33675401247205,-0.897078000602207,-0.321659674375217,-0.234259772168185,3966,0,0,0,1,0
"228",-0.321659674375217,-0.234259772168185,-1.38859529490233,-0.984791021381716,1.85432294537462,1.10085379026847,-1.50359894652376,-0.903627346052592,-0.321659674375217,-0.234259772168185,5605,0,0,0,0,0
"229",-0.321659674375217,-0.234259772168185,-1.71069377250233,-1.8137215364869,0.372487999339425,1.17503780063806,-1.98505651784739,-0.918035906043437,-0.321659674375217,-0.234259772168185,5351,0,0,0,0,0
"230",-0.321659674375217,-0.234259772168185,-1.32921401132244,-0.887759021285791,-0.606338754004925,0.311037376068886,-1.34289752748558,-1.28741898944512,-0.321659674375217,-0.234259772168185,6594,0,0,0,0,0
"231",-0.321659674375217,-0.234259772168185,-0.916784005367581,0.440193208598435,-0.898627298406362,-1.8426038363638,-0.60179561111636,-1.2769400367245,-0.321659674375217,-0.234259772168185,7663,0,0,0,0,0
"232",-0.221597278282423,1.32000046672947,-1.09888660834591,0.0465205224949693,0.970659904160971,-0.62014695662557,-0.957472796110314,-0.915416167863284,-0.221597278282423,1.32000046672947,3423,0,0,0,1,1
"233",-0.321659674375217,-0.234259772168185,-1.49332228594323,-1.14558690725496,0.651181727722191,1.06986553277232,-1.54337012266399,-0.924585251493822,-0.321659674375217,-0.234259772168185,6512,0,0,0,0,0
"234",-0.321659674375217,-0.234259772168185,-1.52103355161384,-0.94875056420323,-0.572351713958246,0.824349751618186,-1.50456897521011,-1.16429129497789,-0.321659674375217,-0.234259772168185,6453,0,0,0,0,0
"235",-0.321659674375217,-0.234259772168185,-1.35800493669451,-0.654882221055572,-0.110127969323414,0.0230087788456467,-1.26885200442775,-1.00317739689843,-0.321659674375217,-0.234259772168185,6967,0,0,0,0,0
"236",-0.321659674375217,-0.234259772168185,-1.21081133072982,-1.01805913570032,-1.49000179521857,0.0592044294747676,-1.27952231997757,-1.29265846580542,-0.321659674375217,-0.234259772168185,4714,0,0,0,0,1
"237",-0.246612877305622,0.254843100212195,-0.983722906857637,-0.602207706717784,0.0394150068819724,-0.561414391453789,-0.978490084314503,-1.47080066205588,-0.246612877305622,0.254843100212195,5711,0,0,0,0,0
"238",-0.321659674375217,0.939587121544728,-1.4407788471392,0.0132524081763665,2.03785296162669,0.149522821846489,-1.15600533391603,-1.0503326841412,-0.321659674375217,0.939587121544727,5500,0,0,0,0,0
"239",-0.254951410313355,0.874373405227343,-1.71393275160669,-0.277843592111407,1.96987888153333,0.896655685775888,-1.49163525939214,-0.886599047881592,-0.254951410313355,0.874373405227343,4161,0,0,0,0,0
"240",-0.321659674375217,-0.234259772168185,-2.03639111577384,-0.566167249539298,1.48726291287049,0.830069347354392,-1.81045135430491,-0.893148393331977,-0.321659674375217,-0.234259772168185,4017,0,0,0,0,0
"241",-0.321659674375217,-0.234259772168185,-2.03027304413228,-1.47826805044099,0.0666046389193154,1.14515931544893,-2.10922018969983,-0.852542451539594,-0.321659674375217,-0.234259772168185,4111,0,0,0,0,0
"242",-0.288305542344286,0.00485718766222277,-1.50016013071909,0.359795265661811,-1.43562253114389,-0.697062714212452,-1.13304798833915,-1.41709602936273,-0.288305542344286,0.00485718766222276,3503,0,0,0,0,1
"243",-0.304982608359752,-0.234259772168185,-0.699772405375625,0.368112294241462,-0.402416513724852,-1.60502719555992,-0.459524737118779,-1.17215050951835,-0.304982608359752,-0.234259772168185,6334,0,0,0,0,0
"244",-0.321659674375217,-0.234259772168185,-0.713448094927357,0.334844179922859,-0.810260994284997,-2.19807244301394,-0.456937993955186,-1.23764396402219,-0.321659674375217,-0.234259772168185,6292,0,0,0,0,0
"245",-0.321659674375217,-0.234259772168185,-0.906347294920207,0.276624979865305,0.243337247162045,-1.71421171715107,-0.668080904683416,-1.38565917120088,-0.321659674375217,-0.234259772168185,6383,0,0,0,0,0
"246",-0.321659674375217,-0.234259772168185,-0.911025820293168,0.00493537959671583,-0.259670945528801,-1.29283970888376,-0.706558709241852,-1.19310841495958,-0.321659674375217,-0.234259772168185,5576,0,0,0,0,1
"247",-0.321659674375217,-0.234259772168185,-1.07261488894389,-1.38400839320495,-0.96660137849972,-0.0967612632125052,-1.35647792909444,-1.01365634961905,-0.321659674375217,-0.234259772168185,4973,0,0,0,0,1
"248",-0.0464880851200343,0.439615296444783,-1.06829625013808,-0.344379820748613,-0.51797244988356,-0.263227109266245,-1.03701514839078,-1.53367437837957,-0.0464880851200343,0.439615296444783,4503,0,0,0,0,0
"249",-0.321659674375217,2.29820621149023,-2.04934703219127,-0.921027135604394,3.17981750719509,1.00199868784272,-1.94625537039351,-0.785739127945673,-0.321659674375217,2.29820621149023,3981,0,0,0,0,0
"250",-0.321659674375217,1.90692391358592,-2.32286082322591,-1.83590027936597,2.7243911705696,1.15369602550297,-2.46457403179833,-0.771330567954828,-0.321659674375217,1.90692391358592,3154,0,0,0,0,0
"251",-0.321659674375217,1.3091315140099,-2.31602297845004,-1.66124267919331,1.86791776139329,1.17503780063806,-2.38858845136781,-0.830274677008287,-0.321659674375217,1.3091315140099,3113,0,0,0,0,0
"252",-0.321659674375217,0.885242357946908,-2.37936301426859,-1.6279745648747,1.29013808059975,0.958802934969284,-2.4241561698672,-0.910176691502976,-0.321659674375217,0.885242357946907,2931,0,0,0,0,0
"253",-0.321659674375217,-0.234259772168185,-1.62755997549049,-1.57530005053691,1.46687068884248,1.03503575575184,-1.82015164116838,-0.948162895115206,-0.321659674375217,-0.234259772168185,2828,0,0,0,0,1
"254",-0.321659674375217,-0.234259772168185,-1.84277214264669,-1.47272336472122,1.6232110730572,1.07174360898421,-1.95239888540704,-0.777879913405212,-0.321659674375217,-0.234259772168185,4088,0,0,0,0,0
"255",-0.0798422171509655,1.87431705542723,-1.61712326504311,0.0187970938961333,-0.769476546228983,-0.0191625688213005,-1.34613095644007,-1.07522019685266,-0.0798422171509656,1.87431705542723,3360,0,0,0,0,0
"256",-0.321659674375217,2.1243029679772,-1.44041896057205,-0.95706759278288,-0.191696865435443,1.02573074179294,-1.47611480041059,-0.72417528071206,-0.321659674375217,2.1243029679772,5377,0,0,0,0,0
"257",-0.279967009336553,0.00485718766222277,-1.67794409489161,-0.62993113531662,3.37694233946583,0.524028291917132,-1.56244735349549,0.00411193337068065,-0.279967009336553,0.00485718766222273,3290,0,0,0,0,1
"258",-0.321659674375217,-0.234259772168185,-1.92878503219574,-1.1566762786945,2.18059852982274,0.830581549957634,-1.91489110953495,0.00411193337068065,-0.321659674375217,-0.234259772168185,2487,0,0,0,0,1
"259",-0.321659674375217,-0.234259772168185,-1.82549758742345,-1.2232125073317,-0.178102049416772,0.835959677291678,-1.89096373527172,-0.0299446629713178,-0.321659674375217,-0.234259772168185,4697,0,0,0,0,0
"260",-0.321659674375217,-0.234259772168185,-1.50267933668915,-0.907165421304976,-0.857842850350348,0.452576028764835,-1.51459260496903,-0.0744802120339318,-0.321659674375217,-0.234259772168185,5613,0,0,0,0,0
"261",-0.321659674375217,-0.234259772168185,-1.62360122325183,-1.18717205015322,1.58922403301053,1.10802462671387,-1.69081448298876,-0.177959870150004,-0.321659674375217,-0.234259772168185,2850,0,0,0,0,1
"262",-0.321659674375217,-0.234259772168185,-1.14531197550836,-2.03828130813747,1.07262102430101,1.14686665745974,-1.66365367977104,0.102352115126446,-0.321659674375217,-0.234259772168185,3484,0,0,0,1,0
"263",-0.321659674375217,-0.234259772168185,-1.35620550385876,-2.09650050819502,1.6232110730572,1.12757369273761,-1.8625095604722,0.285733787737208,-0.321659674375217,-0.234259772168185,3118,0,0,0,1,1
"264",-0.321659674375217,-0.234259772168185,-1.16510573670166,-2.12145159393398,-0.715097282154297,1.15267162029648,-1.7102150567157,-0.314186255517999,-0.321659674375217,-0.234259772168185,4562,0,0,0,0,1
"265",-0.321659674375217,-0.234259772168185,-0.957091300888475,-0.790727021189867,-0.368429473678173,-0.314874205093174,-0.989160399864321,-0.463511331786763,-0.321659674375217,-0.234259772168185,7604,0,0,0,0,0
"266",-0.321659674375217,-0.234259772168185,-1.0117940590954,-0.896076049865442,1.18817696045972,-0.317605952310466,-1.22843414249662,-0.0076768884400113,-0.321659674375217,-0.234259772168185,7955,0,0,0,0,0
"267",-0.321659674375217,-0.234259772168185,-1.18561927102926,-1.88857479370376,0.997849536198314,1.12509804682194,-1.66397702266649,0.217620595053211,-0.321659674375217,-0.234259772168185,7491,0,0,0,0,0
"268",0.0202201789418283,4.62416209347693,-0.765271760597078,1.49922818107396,0.311311327255403,-2.40363642111517,-0.25517202719498,-0.548652822641759,0.0202201789418283,4.62416209347693,5797,0,0,0,0,0
"269",-0.321659674375217,-0.234259772168185,-0.867839432235067,-0.3804202779271,0.9570650881423,-0.942407761165502,-0.889570788066014,-0.0692407356736242,-0.321659674375217,-0.234259772168185,6356,0,0,0,0,1
"270",-0.321659674375217,-0.234259772168185,-0.940896405366687,-1.27034233594972,0.114186494984666,0.557065359826259,-1.17766930791112,0.334198944070052,-0.321659674375217,-0.234259772168185,6500,0,0,0,0,1
"271",-0.321659674375217,-0.234259772168185,-0.871078411339424,-0.826767478368353,-0.585946529976917,-0.20150669557555,-0.991423800132465,0.359086456781513,-0.321659674375217,-0.234259772168185,9247,0,0,0,0,0
"272",-0.321659674375217,-0.234259772168185,-0.760233348656966,-0.757458906871264,-1.34725622702252,-1.12850804034353,-0.803238234981118,-1.40923681482226,-0.321659674375217,-0.234259772168185,8862,0,0,0,0,0
"273",1.59620291740333,-0.234259772168185,-0.687536262092497,0.778419037504229,0.617194687675512,-1.60417352455452,-0.356701696365981,-1.5598717601811,1.59620291740333,-0.234259772168185,3820,0,0,0,0,0
